Workbook
Name Ust_Autor: USTAWIENIA!$B$8
Name Ust_Jednostka: USTAWIENIA!$B$9
Name Ust_Tolerancja: USTAWIENIA!$B$10
Name Lista_Systemow: LISTY!$A$9:$A$10
Name Lista_AUTOCOLOR: LISTY!$F$9:$F$115
Name Lista_DUXONE: LISTY!$H$9:$H$87
Name ListaAC: LISTY!$F$9:$F$115
Name ListaDX: LISTY!$H$9:$H$87
Name ListaAC_NR: LISTY!$E$9:$E$115
Name ListaDX_NR: LISTY!$G$9:$G$87
Name PigmentyKlucz: PIGMENTY!$A$9:$I$194
Name Meta_Nazwa: START!$C$5
Name Meta_Numer: START!$C$6
Name Meta_Kolor: START!$C$7
Name Meta_Kod: START!$C$8
Name Meta_Producent: START!$C$9
Name Meta_System: START!$C$10
Name Meta_Wersja: START!$C$11
Name Meta_Autor: START!$C$12
Name Meta_Data: START!$C$13
Name Meta_Uwagi: START!$C$14
Name MasaDocelowa: START!$C$15
Name MasaOryg: START!$I$5
Name MasaWlasna: START!$I$6
Name StatusUdzialow: START!$I$11

Sheet START
A1: SYSTEM RECEPTUR LAKIERÓW
A2: AUTOCOLOR + DUXONE | receptura oryginalna → receptura własna → analiza | LibreOffice Calc / Excel
A4: IDENTYFIKACJA RECEPTURY | H4: AKTUALNA RECEPTURA
A5: Nazwa receptury | C5: TEST START — srebrny bazowy | H5: Masa oryginalna (g) | I5: =SUM(RECEPTURA_ORYGINALNA!E12:E51)
A6: Numer receptury | C6: RC-0001 | H6: Masa własna (g) | I6: =SUM(RECEPTURA_WLASNA!F12:F51)
A7: Nazwa koloru | C7: Silver test | H7: Różnica masy (g) | I7: =I6-I5
A8: Kod koloru | C8: TST-001 | H8: Liczba pozycji (własna) | I8: =COUNTIF(RECEPTURA_WLASNA!C12:C51,"<>")
A9: Producent | C9: Warsztat | H9: Suma % oryginał | I9: =IFERROR(SUM(RECEPTURA_ORYGINALNA!G12:G51),0)
A10: System bazowy | C10: AUTOCOLOR | H10: Suma % własna | I10: =IFERROR(SUM(RECEPTURA_WLASNA!J12:J51),0)
A11: Wersja | C11: 1 | H11: Status udziałów | I11: =IF(I8=0,"BRAK DANYCH",IF(ABS(I10-1)<=Ust_Tolerancja/100,"RECEPTURA POPRAWNA","UWAGA — SUMA UDZIAŁÓW = "&TEXT(I10,"0.00%")))
A12: Autor | C12: =Ust_Autor | H12: Duplikaty (własna) | I12: =COUNTIF(RECEPTURA_WLASNA!N12:N51,"DUPLIKAT")
A13: Data | C13: =TODAY() | H13: Brak w bazie | I13: =COUNTIF(RECEPTURA_WLASNA!O12:O51,"BRAK W BAZIE")
A14: Uwagi technologiczne | H14: Dodane / usunięte | I14: =COUNTIF(RECEPTURA_WLASNA!K12:K51,"DODANO")&" / "&COUNTIF(RECEPTURA_WLASNA!K12:K51,"USUNIĘTO")
A15: Masa docelowa (g) | C15: 100 | H15: Zwiększone / zmniejszone | I15: =COUNTIF(RECEPTURA_WLASNA!K12:K51,"ZWIĘKSZONO")&" / "&COUNTIF(RECEPTURA_WLASNA!K12:K51,"ZMNIEJSZONO")
A17: PANEL AKCJI (LibreOffice: Narzędzia → Makra → Zarządzaj makrami → RECEPTURY_LAKIERY.ods)
A18: 1. Nowa receptura | C18: Wyczyść tabele oryginału i własnej, nadaj nowy numer RC, ustaw wersję = 1. Makro: NowaReceptura
A19: 2. Wpisz oryginał | C19: Arkusz RECEPTURA_ORYGINALNA: SYSTEM z listy, potem kliknij NR PIGMENTU — lista z wybranej bazy. Ilość w gramach. Nazwa uzupełni się sama.
A20: 3. Kopia → własna | C20: Makro KopiujDoWlasnej kopiuje skład. Albo przepisz SYSTEM/NR i ilości. ILOŚĆ ORYGINALNA dociąga się kluczem.
A21: 4. Modyfikuj | C21: Zmieniaj złote komórki ilości. Dodawaj pigment z drugiego systemu. Ten sam pigment drugi raz → status DUPLIKAT (zsumuj).
A22: 5. Przelicz masę | C22: Ustaw masę docelową na START. Kolumna ILOŚĆ DO ZWAŻENIA przelicza na żywo. Makro ZastosujPrzeliczenie zapisuje wartości.
A23: 6. Analiza / raport | C23: Otwórz ANALIZA (wykresy) i RAPORT (wydruk). HISTORIA — makro ZapiszWersje nie nadpisuje poprzednich wersji.
A25: NAWIGACJA
A26: Skład oryginalny | C26: Skład roboczy | E26: Wykresy i KPI | G26: Wydruk | I26: Wersje
A27: Wyszukiwarka | C27: Procedury PDF | E27: Baza Autocolor | G27: Baza Duxone | I27: Parametry
A29: Mieszanie systemów: receptura bazowa AUTOCOLOR może zawierać pigmenty DUXONE i odwrotnie. Nie usuwaj wierszy tabel — zeruj ilość (status USUNIĘTO). Komórki złote = wpis, szare = formuła (arkusze bez ochrony — edycja i zapis bez hasła). Źródła nazw: PDF Nexa Autocolor 2K Tint Chart oraz Duxone Tint Descriptions PL; kody z szablonów ODS.

Sheet RECEPTURA_ORYGINALNA
A1: RECEPTURA ORYGINALNA
A2: Skład źródłowy. SYSTEM i NR z listy. Nazwa, jednostka i % liczą się automatycznie.
A3: Nazwa | C3: =Meta_Nazwa | E3: Numer | F3: =Meta_Numer | H3: System bazowy | I3: =Meta_System
A4: Kolor | C4: =Meta_Kolor | E4: Wersja | F4: =Meta_Wersja | H4: Data | I4: =Meta_Data
A5: Masa całkowita (g) | C5: =MasaOryg | E5: Suma % | F5: =IFERROR(SUM(G12:G51),0) | H5: Status | I5: =StatusUdzialow
A7: Najpierw SYSTEM (AUTOCOLOR / DUXONE) z listy, potem kliknij NR PIGMENTU — otworzy się lista z tej bazy. Każdy wiersz ma własny SYSTEM (można mieszać). Po wyborze numeru nazwa i jednostka uzupełnią się same. Ilość ≥ 0. Ten sam klucz dwa razy = DUPLIKAT (zsumuj ilości).
A11: LP | B11: SYSTEM | C11: NR PIGMENTU | D11: NAZWA PIGMENTU | E11: ILOŚĆ | F11: JEDNOSTKA | G11: % UDZIAŁU | H11: UWAGI | I11: KLUCZ | J11: KONTROLA
A12: =IF(C12="","",1) | B12: AUTOCOLOR | C12: P425-900 | D12: =IF(C12="","",IFERROR(VLOOKUP(I12,PigmentyKlucz,4,FALSE),"BRAK W BAZIE")) | E12: 50 | F12: =IF(C12="","",IFERROR(VLOOKUP(I12,PigmentyKlucz,5,FALSE),Ust_Jednostka)) | G12: =IF(OR(C12="",MasaOryg=0),"",E12/MasaOryg) | I12: =IF(C12="","",B12&"|"&IF(ISNUMBER(FIND(" | ",C12)),TRIM(LEFT(C12,FIND(" | ",C12)-1)),C12)) | J12: =IF(C12="","",IF(COUNTIF($I$12:$I$51,I12)>1,"DUPLIKAT",IF(ISERROR(VLOOKUP(I12,PigmentyKlucz,1,FALSE)),"BRAK W BAZIE","OK")))
A13: =IF(C13="","",2) | B13: AUTOCOLOR | C13: P425-984 | D13: =IF(C13="","",IFERROR(VLOOKUP(I13,PigmentyKlucz,4,FALSE),"BRAK W BAZIE")) | E13: 30 | F13: =IF(C13="","",IFERROR(VLOOKUP(I13,PigmentyKlucz,5,FALSE),Ust_Jednostka)) | G13: =IF(OR(C13="",MasaOryg=0),"",E13/MasaOryg) | I13: =IF(C13="","",B13&"|"&IF(ISNUMBER(FIND(" | ",C13)),TRIM(LEFT(C13,FIND(" | ",C13)-1)),C13)) | J13: =IF(C13="","",IF(COUNTIF($I$12:$I$51,I13)>1,"DUPLIKAT",IF(ISERROR(VLOOKUP(I13,PigmentyKlucz,1,FALSE)),"BRAK W BAZIE","OK")))
A14: =IF(C14="","",3) | B14: AUTOCOLOR | C14: P425-948 | D14: =IF(C14="","",IFERROR(VLOOKUP(I14,PigmentyKlucz,4,FALSE),"BRAK W BAZIE")) | E14: 20 | F14: =IF(C14="","",IFERROR(VLOOKUP(I14,PigmentyKlucz,5,FALSE),Ust_Jednostka)) | G14: =IF(OR(C14="",MasaOryg=0),"",E14/MasaOryg) | I14: =IF(C14="","",B14&"|"&IF(ISNUMBER(FIND(" | ",C14)),TRIM(LEFT(C14,FIND(" | ",C14)-1)),C14)) | J14: =IF(C14="","",IF(COUNTIF($I$12:$I$51,I14)>1,"DUPLIKAT",IF(ISERROR(VLOOKUP(I14,PigmentyKlucz,1,FALSE)),"BRAK W BAZIE","OK")))
A15: =IF(C15="","",4) | D15: =IF(C15="","",IFERROR(VLOOKUP(I15,PigmentyKlucz,4,FALSE),"BRAK W BAZIE")) | F15: =IF(C15="","",IFERROR(VLOOKUP(I15,PigmentyKlucz,5,FALSE),Ust_Jednostka)) | G15: =IF(OR(C15="",MasaOryg=0),"",E15/MasaOryg) | I15: =IF(C15="","",B15&"|"&IF(ISNUMBER(FIND(" | ",C15)),TRIM(LEFT(C15,FIND(" | ",C15)-1)),C15)) | J15: =IF(C15="","",IF(COUNTIF($I$12:$I$51,I15)>1,"DUPLIKAT",IF(ISERROR(VLOOKUP(I15,PigmentyKlucz,1,FALSE)),"BRAK W BAZIE","OK")))
A16: =IF(C16="","",5) | D16: =IF(C16="","",IFERROR(VLOOKUP(I16,PigmentyKlucz,4,FALSE),"BRAK W BAZIE")) | F16: =IF(C16="","",IFERROR(VLOOKUP(I16,PigmentyKlucz,5,FALSE),Ust_Jednostka)) | G16: =IF(OR(C16="",MasaOryg=0),"",E16/MasaOryg) | I16: =IF(C16="","",B16&"|"&IF(ISNUMBER(FIND(" | ",C16)),TRIM(LEFT(C16,FIND(" | ",C16)-1)),C16)) | J16: =IF(C16="","",IF(COUNTIF($I$12:$I$51,I16)>1,"DUPLIKAT",IF(ISERROR(VLOOKUP(I16,PigmentyKlucz,1,FALSE)),"BRAK W BAZIE","OK")))
A17: =IF(C17="","",6) | D17: =IF(C17="","",IFERROR(VLOOKUP(I17,PigmentyKlucz,4,FALSE),"BRAK W BAZIE")) | F17: =IF(C17="","",IFERROR(VLOOKUP(I17,PigmentyKlucz,5,FALSE),Ust_Jednostka)) | G17: =IF(OR(C17="",MasaOryg=0),"",E17/MasaOryg) | I17: =IF(C17="","",B17&"|"&IF(ISNUMBER(FIND(" | ",C17)),TRIM(LEFT(C17,FIND(" | ",C17)-1)),C17)) | J17: =IF(C17="","",IF(COUNTIF($I$12:$I$51,I17)>1,"DUPLIKAT",IF(ISERROR(VLOOKUP(I17,PigmentyKlucz,1,FALSE)),"BRAK W BAZIE","OK")))
A18: =IF(C18="","",7) | D18: =IF(C18="","",IFERROR(VLOOKUP(I18,PigmentyKlucz,4,FALSE),"BRAK W BAZIE")) | F18: =IF(C18="","",IFERROR(VLOOKUP(I18,PigmentyKlucz,5,FALSE),Ust_Jednostka)) | G18: =IF(OR(C18="",MasaOryg=0),"",E18/MasaOryg) | I18: =IF(C18="","",B18&"|"&IF(ISNUMBER(FIND(" | ",C18)),TRIM(LEFT(C18,FIND(" | ",C18)-1)),C18)) | J18: =IF(C18="","",IF(COUNTIF($I$12:$I$51,I18)>1,"DUPLIKAT",IF(ISERROR(VLOOKUP(I18,PigmentyKlucz,1,FALSE)),"BRAK W BAZIE","OK")))
A19: =IF(C19="","",8) | D19: =IF(C19="","",IFERROR(VLOOKUP(I19,PigmentyKlucz,4,FALSE),"BRAK W BAZIE")) | F19: =IF(C19="","",IFERROR(VLOOKUP(I19,PigmentyKlucz,5,FALSE),Ust_Jednostka)) | G19: =IF(OR(C19="",MasaOryg=0),"",E19/MasaOryg) | I19: =IF(C19="","",B19&"|"&IF(ISNUMBER(FIND(" | ",C19)),TRIM(LEFT(C19,FIND(" | ",C19)-1)),C19)) | J19: =IF(C19="","",IF(COUNTIF($I$12:$I$51,I19)>1,"DUPLIKAT",IF(ISERROR(VLOOKUP(I19,PigmentyKlucz,1,FALSE)),"BRAK W BAZIE","OK")))
A20: =IF(C20="","",9) | D20: =IF(C20="","",IFERROR(VLOOKUP(I20,PigmentyKlucz,4,FALSE),"BRAK W BAZIE")) | F20: =IF(C20="","",IFERROR(VLOOKUP(I20,PigmentyKlucz,5,FALSE),Ust_Jednostka)) | G20: =IF(OR(C20="",MasaOryg=0),"",E20/MasaOryg) | I20: =IF(C20="","",B20&"|"&IF(ISNUMBER(FIND(" | ",C20)),TRIM(LEFT(C20,FIND(" | ",C20)-1)),C20)) | J20: =IF(C20="","",IF(COUNTIF($I$12:$I$51,I20)>1,"DUPLIKAT",IF(ISERROR(VLOOKUP(I20,PigmentyKlucz,1,FALSE)),"BRAK W BAZIE","OK")))
A21: =IF(C21="","",10) | D21: =IF(C21="","",IFERROR(VLOOKUP(I21,PigmentyKlucz,4,FALSE),"BRAK W BAZIE")) | F21: =IF(C21="","",IFERROR(VLOOKUP(I21,PigmentyKlucz,5,FALSE),Ust_Jednostka)) | G21: =IF(OR(C21="",MasaOryg=0),"",E21/MasaOryg) | I21: =IF(C21="","",B21&"|"&IF(ISNUMBER(FIND(" | ",C21)),TRIM(LEFT(C21,FIND(" | ",C21)-1)),C21)) | J21: =IF(C21="","",IF(COUNTIF($I$12:$I$51,I21)>1,"DUPLIKAT",IF(ISERROR(VLOOKUP(I21,PigmentyKlucz,1,FALSE)),"BRAK W BAZIE","OK")))
A22: =IF(C22="","",11) | D22: =IF(C22="","",IFERROR(VLOOKUP(I22,PigmentyKlucz,4,FALSE),"BRAK W BAZIE")) | F22: =IF(C22="","",IFERROR(VLOOKUP(I22,PigmentyKlucz,5,FALSE),Ust_Jednostka)) | G22: =IF(OR(C22="",MasaOryg=0),"",E22/MasaOryg) | I22: =IF(C22="","",B22&"|"&IF(ISNUMBER(FIND(" | ",C22)),TRIM(LEFT(C22,FIND(" | ",C22)-1)),C22)) | J22: =IF(C22="","",IF(COUNTIF($I$12:$I$51,I22)>1,"DUPLIKAT",IF(ISERROR(VLOOKUP(I22,PigmentyKlucz,1,FALSE)),"BRAK W BAZIE","OK")))
A23: =IF(C23="","",12) | D23: =IF(C23="","",IFERROR(VLOOKUP(I23,PigmentyKlucz,4,FALSE),"BRAK W BAZIE")) | F23: =IF(C23="","",IFERROR(VLOOKUP(I23,PigmentyKlucz,5,FALSE),Ust_Jednostka)) | G23: =IF(OR(C23="",MasaOryg=0),"",E23/MasaOryg) | I23: =IF(C23="","",B23&"|"&IF(ISNUMBER(FIND(" | ",C23)),TRIM(LEFT(C23,FIND(" | ",C23)-1)),C23)) | J23: =IF(C23="","",IF(COUNTIF($I$12:$I$51,I23)>1,"DUPLIKAT",IF(ISERROR(VLOOKUP(I23,PigmentyKlucz,1,FALSE)),"BRAK W BAZIE","OK")))
A24: =IF(C24="","",13) | D24: =IF(C24="","",IFERROR(VLOOKUP(I24,PigmentyKlucz,4,FALSE),"BRAK W BAZIE")) | F24: =IF(C24="","",IFERROR(VLOOKUP(I24,PigmentyKlucz,5,FALSE),Ust_Jednostka)) | G24: =IF(OR(C24="",MasaOryg=0),"",E24/MasaOryg) | I24: =IF(C24="","",B24&"|"&IF(ISNUMBER(FIND(" | ",C24)),TRIM(LEFT(C24,FIND(" | ",C24)-1)),C24)) | J24: =IF(C24="","",IF(COUNTIF($I$12:$I$51,I24)>1,"DUPLIKAT",IF(ISERROR(VLOOKUP(I24,PigmentyKlucz,1,FALSE)),"BRAK W BAZIE","OK")))
A25: =IF(C25="","",14) | D25: =IF(C25="","",IFERROR(VLOOKUP(I25,PigmentyKlucz,4,FALSE),"BRAK W BAZIE")) | F25: =IF(C25="","",IFERROR(VLOOKUP(I25,PigmentyKlucz,5,FALSE),Ust_Jednostka)) | G25: =IF(OR(C25="",MasaOryg=0),"",E25/MasaOryg) | I25: =IF(C25="","",B25&"|"&IF(ISNUMBER(FIND(" | ",C25)),TRIM(LEFT(C25,FIND(" | ",C25)-1)),C25)) | J25: =IF(C25="","",IF(COUNTIF($I$12:$I$51,I25)>1,"DUPLIKAT",IF(ISERROR(VLOOKUP(I25,PigmentyKlucz,1,FALSE)),"BRAK W BAZIE","OK")))
A26: =IF(C26="","",15) | D26: =IF(C26="","",IFERROR(VLOOKUP(I26,PigmentyKlucz,4,FALSE),"BRAK W BAZIE")) | F26: =IF(C26="","",IFERROR(VLOOKUP(I26,PigmentyKlucz,5,FALSE),Ust_Jednostka)) | G26: =IF(OR(C26="",MasaOryg=0),"",E26/MasaOryg) | I26: =IF(C26="","",B26&"|"&IF(ISNUMBER(FIND(" | ",C26)),TRIM(LEFT(C26,FIND(" | ",C26)-1)),C26)) | J26: =IF(C26="","",IF(COUNTIF($I$12:$I$51,I26)>1,"DUPLIKAT",IF(ISERROR(VLOOKUP(I26,PigmentyKlucz,1,FALSE)),"BRAK W BAZIE","OK")))
A27: =IF(C27="","",16) | D27: =IF(C27="","",IFERROR(VLOOKUP(I27,PigmentyKlucz,4,FALSE),"BRAK W BAZIE")) | F27: =IF(C27="","",IFERROR(VLOOKUP(I27,PigmentyKlucz,5,FALSE),Ust_Jednostka)) | G27: =IF(OR(C27="",MasaOryg=0),"",E27/MasaOryg) | I27: =IF(C27="","",B27&"|"&IF(ISNUMBER(FIND(" | ",C27)),TRIM(LEFT(C27,FIND(" | ",C27)-1)),C27)) | J27: =IF(C27="","",IF(COUNTIF($I$12:$I$51,I27)>1,"DUPLIKAT",IF(ISERROR(VLOOKUP(I27,PigmentyKlucz,1,FALSE)),"BRAK W BAZIE","OK")))
A28: =IF(C28="","",17) | D28: =IF(C28="","",IFERROR(VLOOKUP(I28,PigmentyKlucz,4,FALSE),"BRAK W BAZIE")) | F28: =IF(C28="","",IFERROR(VLOOKUP(I28,PigmentyKlucz,5,FALSE),Ust_Jednostka)) | G28: =IF(OR(C28="",MasaOryg=0),"",E28/MasaOryg) | I28: =IF(C28="","",B28&"|"&IF(ISNUMBER(FIND(" | ",C28)),TRIM(LEFT(C28,FIND(" | ",C28)-1)),C28)) | J28: =IF(C28="","",IF(COUNTIF($I$12:$I$51,I28)>1,"DUPLIKAT",IF(ISERROR(VLOOKUP(I28,PigmentyKlucz,1,FALSE)),"BRAK W BAZIE","OK")))
A29: =IF(C29="","",18) | D29: =IF(C29="","",IFERROR(VLOOKUP(I29,PigmentyKlucz,4,FALSE),"BRAK W BAZIE")) | F29: =IF(C29="","",IFERROR(VLOOKUP(I29,PigmentyKlucz,5,FALSE),Ust_Jednostka)) | G29: =IF(OR(C29="",MasaOryg=0),"",E29/MasaOryg) | I29: =IF(C29="","",B29&"|"&IF(ISNUMBER(FIND(" | ",C29)),TRIM(LEFT(C29,FIND(" | ",C29)-1)),C29)) | J29: =IF(C29="","",IF(COUNTIF($I$12:$I$51,I29)>1,"DUPLIKAT",IF(ISERROR(VLOOKUP(I29,PigmentyKlucz,1,FALSE)),"BRAK W BAZIE","OK")))
A30: =IF(C30="","",19) | D30: =IF(C30="","",IFERROR(VLOOKUP(I30,PigmentyKlucz,4,FALSE),"BRAK W BAZIE")) | F30: =IF(C30="","",IFERROR(VLOOKUP(I30,PigmentyKlucz,5,FALSE),Ust_Jednostka)) | G30: =IF(OR(C30="",MasaOryg=0),"",E30/MasaOryg) | I30: =IF(C30="","",B30&"|"&IF(ISNUMBER(FIND(" | ",C30)),TRIM(LEFT(C30,FIND(" | ",C30)-1)),C30)) | J30: =IF(C30="","",IF(COUNTIF($I$12:$I$51,I30)>1,"DUPLIKAT",IF(ISERROR(VLOOKUP(I30,PigmentyKlucz,1,FALSE)),"BRAK W BAZIE","OK")))
A31: =IF(C31="","",20) | D31: =IF(C31="","",IFERROR(VLOOKUP(I31,PigmentyKlucz,4,FALSE),"BRAK W BAZIE")) | F31: =IF(C31="","",IFERROR(VLOOKUP(I31,PigmentyKlucz,5,FALSE),Ust_Jednostka)) | G31: =IF(OR(C31="",MasaOryg=0),"",E31/MasaOryg) | I31: =IF(C31="","",B31&"|"&IF(ISNUMBER(FIND(" | ",C31)),TRIM(LEFT(C31,FIND(" | ",C31)-1)),C31)) | J31: =IF(C31="","",IF(COUNTIF($I$12:$I$51,I31)>1,"DUPLIKAT",IF(ISERROR(VLOOKUP(I31,PigmentyKlucz,1,FALSE)),"BRAK W BAZIE","OK")))
A32: =IF(C32="","",21) | D32: =IF(C32="","",IFERROR(VLOOKUP(I32,PigmentyKlucz,4,FALSE),"BRAK W BAZIE")) | F32: =IF(C32="","",IFERROR(VLOOKUP(I32,PigmentyKlucz,5,FALSE),Ust_Jednostka)) | G32: =IF(OR(C32="",MasaOryg=0),"",E32/MasaOryg) | I32: =IF(C32="","",B32&"|"&IF(ISNUMBER(FIND(" | ",C32)),TRIM(LEFT(C32,FIND(" | ",C32)-1)),C32)) | J32: =IF(C32="","",IF(COUNTIF($I$12:$I$51,I32)>1,"DUPLIKAT",IF(ISERROR(VLOOKUP(I32,PigmentyKlucz,1,FALSE)),"BRAK W BAZIE","OK")))
A33: =IF(C33="","",22) | D33: =IF(C33="","",IFERROR(VLOOKUP(I33,PigmentyKlucz,4,FALSE),"BRAK W BAZIE")) | F33: =IF(C33="","",IFERROR(VLOOKUP(I33,PigmentyKlucz,5,FALSE),Ust_Jednostka)) | G33: =IF(OR(C33="",MasaOryg=0),"",E33/MasaOryg) | I33: =IF(C33="","",B33&"|"&IF(ISNUMBER(FIND(" | ",C33)),TRIM(LEFT(C33,FIND(" | ",C33)-1)),C33)) | J33: =IF(C33="","",IF(COUNTIF($I$12:$I$51,I33)>1,"DUPLIKAT",IF(ISERROR(VLOOKUP(I33,PigmentyKlucz,1,FALSE)),"BRAK W BAZIE","OK")))
A34: =IF(C34="","",23) | D34: =IF(C34="","",IFERROR(VLOOKUP(I34,PigmentyKlucz,4,FALSE),"BRAK W BAZIE")) | F34: =IF(C34="","",IFERROR(VLOOKUP(I34,PigmentyKlucz,5,FALSE),Ust_Jednostka)) | G34: =IF(OR(C34="",MasaOryg=0),"",E34/MasaOryg) | I34: =IF(C34="","",B34&"|"&IF(ISNUMBER(FIND(" | ",C34)),TRIM(LEFT(C34,FIND(" | ",C34)-1)),C34)) | J34: =IF(C34="","",IF(COUNTIF($I$12:$I$51,I34)>1,"DUPLIKAT",IF(ISERROR(VLOOKUP(I34,PigmentyKlucz,1,FALSE)),"BRAK W BAZIE","OK")))
A35: =IF(C35="","",24) | D35: =IF(C35="","",IFERROR(VLOOKUP(I35,PigmentyKlucz,4,FALSE),"BRAK W BAZIE")) | F35: =IF(C35="","",IFERROR(VLOOKUP(I35,PigmentyKlucz,5,FALSE),Ust_Jednostka)) | G35: =IF(OR(C35="",MasaOryg=0),"",E35/MasaOryg) | I35: =IF(C35="","",B35&"|"&IF(ISNUMBER(FIND(" | ",C35)),TRIM(LEFT(C35,FIND(" | ",C35)-1)),C35)) | J35: =IF(C35="","",IF(COUNTIF($I$12:$I$51,I35)>1,"DUPLIKAT",IF(ISERROR(VLOOKUP(I35,PigmentyKlucz,1,FALSE)),"BRAK W BAZIE","OK")))
A36: =IF(C36="","",25) | D36: =IF(C36="","",IFERROR(VLOOKUP(I36,PigmentyKlucz,4,FALSE),"BRAK W BAZIE")) | F36: =IF(C36="","",IFERROR(VLOOKUP(I36,PigmentyKlucz,5,FALSE),Ust_Jednostka)) | G36: =IF(OR(C36="",MasaOryg=0),"",E36/MasaOryg) | I36: =IF(C36="","",B36&"|"&IF(ISNUMBER(FIND(" | ",C36)),TRIM(LEFT(C36,FIND(" | ",C36)-1)),C36)) | J36: =IF(C36="","",IF(COUNTIF($I$12:$I$51,I36)>1,"DUPLIKAT",IF(ISERROR(VLOOKUP(I36,PigmentyKlucz,1,FALSE)),"BRAK W BAZIE","OK")))
A37: =IF(C37="","",26) | D37: =IF(C37="","",IFERROR(VLOOKUP(I37,PigmentyKlucz,4,FALSE),"BRAK W BAZIE")) | F37: =IF(C37="","",IFERROR(VLOOKUP(I37,PigmentyKlucz,5,FALSE),Ust_Jednostka)) | G37: =IF(OR(C37="",MasaOryg=0),"",E37/MasaOryg) | I37: =IF(C37="","",B37&"|"&IF(ISNUMBER(FIND(" | ",C37)),TRIM(LEFT(C37,FIND(" | ",C37)-1)),C37)) | J37: =IF(C37="","",IF(COUNTIF($I$12:$I$51,I37)>1,"DUPLIKAT",IF(ISERROR(VLOOKUP(I37,PigmentyKlucz,1,FALSE)),"BRAK W BAZIE","OK")))
A38: =IF(C38="","",27) | D38: =IF(C38="","",IFERROR(VLOOKUP(I38,PigmentyKlucz,4,FALSE),"BRAK W BAZIE")) | F38: =IF(C38="","",IFERROR(VLOOKUP(I38,PigmentyKlucz,5,FALSE),Ust_Jednostka)) | G38: =IF(OR(C38="",MasaOryg=0),"",E38/MasaOryg) | I38: =IF(C38="","",B38&"|"&IF(ISNUMBER(FIND(" | ",C38)),TRIM(LEFT(C38,FIND(" | ",C38)-1)),C38)) | J38: =IF(C38="","",IF(COUNTIF($I$12:$I$51,I38)>1,"DUPLIKAT",IF(ISERROR(VLOOKUP(I38,PigmentyKlucz,1,FALSE)),"BRAK W BAZIE","OK")))
A39: =IF(C39="","",28) | D39: =IF(C39="","",IFERROR(VLOOKUP(I39,PigmentyKlucz,4,FALSE),"BRAK W BAZIE")) | F39: =IF(C39="","",IFERROR(VLOOKUP(I39,PigmentyKlucz,5,FALSE),Ust_Jednostka)) | G39: =IF(OR(C39="",MasaOryg=0),"",E39/MasaOryg) | I39: =IF(C39="","",B39&"|"&IF(ISNUMBER(FIND(" | ",C39)),TRIM(LEFT(C39,FIND(" | ",C39)-1)),C39)) | J39: =IF(C39="","",IF(COUNTIF($I$12:$I$51,I39)>1,"DUPLIKAT",IF(ISERROR(VLOOKUP(I39,PigmentyKlucz,1,FALSE)),"BRAK W BAZIE","OK")))
A40: =IF(C40="","",29) | D40: =IF(C40="","",IFERROR(VLOOKUP(I40,PigmentyKlucz,4,FALSE),"BRAK W BAZIE")) | F40: =IF(C40="","",IFERROR(VLOOKUP(I40,PigmentyKlucz,5,FALSE),Ust_Jednostka)) | G40: =IF(OR(C40="",MasaOryg=0),"",E40/MasaOryg) | I40: =IF(C40="","",B40&"|"&IF(ISNUMBER(FIND(" | ",C40)),TRIM(LEFT(C40,FIND(" | ",C40)-1)),C40)) | J40: =IF(C40="","",IF(COUNTIF($I$12:$I$51,I40)>1,"DUPLIKAT",IF(ISERROR(VLOOKUP(I40,PigmentyKlucz,1,FALSE)),"BRAK W BAZIE","OK")))
A41: =IF(C41="","",30) | D41: =IF(C41="","",IFERROR(VLOOKUP(I41,PigmentyKlucz,4,FALSE),"BRAK W BAZIE")) | F41: =IF(C41="","",IFERROR(VLOOKUP(I41,PigmentyKlucz,5,FALSE),Ust_Jednostka)) | G41: =IF(OR(C41="",MasaOryg=0),"",E41/MasaOryg) | I41: =IF(C41="","",B41&"|"&IF(ISNUMBER(FIND(" | ",C41)),TRIM(LEFT(C41,FIND(" | ",C41)-1)),C41)) | J41: =IF(C41="","",IF(COUNTIF($I$12:$I$51,I41)>1,"DUPLIKAT",IF(ISERROR(VLOOKUP(I41,PigmentyKlucz,1,FALSE)),"BRAK W BAZIE","OK")))
A42: =IF(C42="","",31) | D42: =IF(C42="","",IFERROR(VLOOKUP(I42,PigmentyKlucz,4,FALSE),"BRAK W BAZIE")) | F42: =IF(C42="","",IFERROR(VLOOKUP(I42,PigmentyKlucz,5,FALSE),Ust_Jednostka)) | G42: =IF(OR(C42="",MasaOryg=0),"",E42/MasaOryg) | I42: =IF(C42="","",B42&"|"&IF(ISNUMBER(FIND(" | ",C42)),TRIM(LEFT(C42,FIND(" | ",C42)-1)),C42)) | J42: =IF(C42="","",IF(COUNTIF($I$12:$I$51,I42)>1,"DUPLIKAT",IF(ISERROR(VLOOKUP(I42,PigmentyKlucz,1,FALSE)),"BRAK W BAZIE","OK")))
A43: =IF(C43="","",32) | D43: =IF(C43="","",IFERROR(VLOOKUP(I43,PigmentyKlucz,4,FALSE),"BRAK W BAZIE")) | F43: =IF(C43="","",IFERROR(VLOOKUP(I43,PigmentyKlucz,5,FALSE),Ust_Jednostka)) | G43: =IF(OR(C43="",MasaOryg=0),"",E43/MasaOryg) | I43: =IF(C43="","",B43&"|"&IF(ISNUMBER(FIND(" | ",C43)),TRIM(LEFT(C43,FIND(" | ",C43)-1)),C43)) | J43: =IF(C43="","",IF(COUNTIF($I$12:$I$51,I43)>1,"DUPLIKAT",IF(ISERROR(VLOOKUP(I43,PigmentyKlucz,1,FALSE)),"BRAK W BAZIE","OK")))
A44: =IF(C44="","",33) | D44: =IF(C44="","",IFERROR(VLOOKUP(I44,PigmentyKlucz,4,FALSE),"BRAK W BAZIE")) | F44: =IF(C44="","",IFERROR(VLOOKUP(I44,PigmentyKlucz,5,FALSE),Ust_Jednostka)) | G44: =IF(OR(C44="",MasaOryg=0),"",E44/MasaOryg) | I44: =IF(C44="","",B44&"|"&IF(ISNUMBER(FIND(" | ",C44)),TRIM(LEFT(C44,FIND(" | ",C44)-1)),C44)) | J44: =IF(C44="","",IF(COUNTIF($I$12:$I$51,I44)>1,"DUPLIKAT",IF(ISERROR(VLOOKUP(I44,PigmentyKlucz,1,FALSE)),"BRAK W BAZIE","OK")))
A45: =IF(C45="","",34) | D45: =IF(C45="","",IFERROR(VLOOKUP(I45,PigmentyKlucz,4,FALSE),"BRAK W BAZIE")) | F45: =IF(C45="","",IFERROR(VLOOKUP(I45,PigmentyKlucz,5,FALSE),Ust_Jednostka)) | G45: =IF(OR(C45="",MasaOryg=0),"",E45/MasaOryg) | I45: =IF(C45="","",B45&"|"&IF(ISNUMBER(FIND(" | ",C45)),TRIM(LEFT(C45,FIND(" | ",C45)-1)),C45)) | J45: =IF(C45="","",IF(COUNTIF($I$12:$I$51,I45)>1,"DUPLIKAT",IF(ISERROR(VLOOKUP(I45,PigmentyKlucz,1,FALSE)),"BRAK W BAZIE","OK")))
A46: =IF(C46="","",35) | D46: =IF(C46="","",IFERROR(VLOOKUP(I46,PigmentyKlucz,4,FALSE),"BRAK W BAZIE")) | F46: =IF(C46="","",IFERROR(VLOOKUP(I46,PigmentyKlucz,5,FALSE),Ust_Jednostka)) | G46: =IF(OR(C46="",MasaOryg=0),"",E46/MasaOryg) | I46: =IF(C46="","",B46&"|"&IF(ISNUMBER(FIND(" | ",C46)),TRIM(LEFT(C46,FIND(" | ",C46)-1)),C46)) | J46: =IF(C46="","",IF(COUNTIF($I$12:$I$51,I46)>1,"DUPLIKAT",IF(ISERROR(VLOOKUP(I46,PigmentyKlucz,1,FALSE)),"BRAK W BAZIE","OK")))
A47: =IF(C47="","",36) | D47: =IF(C47="","",IFERROR(VLOOKUP(I47,PigmentyKlucz,4,FALSE),"BRAK W BAZIE")) | F47: =IF(C47="","",IFERROR(VLOOKUP(I47,PigmentyKlucz,5,FALSE),Ust_Jednostka)) | G47: =IF(OR(C47="",MasaOryg=0),"",E47/MasaOryg) | I47: =IF(C47="","",B47&"|"&IF(ISNUMBER(FIND(" | ",C47)),TRIM(LEFT(C47,FIND(" | ",C47)-1)),C47)) | J47: =IF(C47="","",IF(COUNTIF($I$12:$I$51,I47)>1,"DUPLIKAT",IF(ISERROR(VLOOKUP(I47,PigmentyKlucz,1,FALSE)),"BRAK W BAZIE","OK")))
A48: =IF(C48="","",37) | D48: =IF(C48="","",IFERROR(VLOOKUP(I48,PigmentyKlucz,4,FALSE),"BRAK W BAZIE")) | F48: =IF(C48="","",IFERROR(VLOOKUP(I48,PigmentyKlucz,5,FALSE),Ust_Jednostka)) | G48: =IF(OR(C48="",MasaOryg=0),"",E48/MasaOryg) | I48: =IF(C48="","",B48&"|"&IF(ISNUMBER(FIND(" | ",C48)),TRIM(LEFT(C48,FIND(" | ",C48)-1)),C48)) | J48: =IF(C48="","",IF(COUNTIF($I$12:$I$51,I48)>1,"DUPLIKAT",IF(ISERROR(VLOOKUP(I48,PigmentyKlucz,1,FALSE)),"BRAK W BAZIE","OK")))
A49: =IF(C49="","",38) | D49: =IF(C49="","",IFERROR(VLOOKUP(I49,PigmentyKlucz,4,FALSE),"BRAK W BAZIE")) | F49: =IF(C49="","",IFERROR(VLOOKUP(I49,PigmentyKlucz,5,FALSE),Ust_Jednostka)) | G49: =IF(OR(C49="",MasaOryg=0),"",E49/MasaOryg) | I49: =IF(C49="","",B49&"|"&IF(ISNUMBER(FIND(" | ",C49)),TRIM(LEFT(C49,FIND(" | ",C49)-1)),C49)) | J49: =IF(C49="","",IF(COUNTIF($I$12:$I$51,I49)>1,"DUPLIKAT",IF(ISERROR(VLOOKUP(I49,PigmentyKlucz,1,FALSE)),"BRAK W BAZIE","OK")))
A50: =IF(C50="","",39) | D50: =IF(C50="","",IFERROR(VLOOKUP(I50,PigmentyKlucz,4,FALSE),"BRAK W BAZIE")) | F50: =IF(C50="","",IFERROR(VLOOKUP(I50,PigmentyKlucz,5,FALSE),Ust_Jednostka)) | G50: =IF(OR(C50="",MasaOryg=0),"",E50/MasaOryg) | I50: =IF(C50="","",B50&"|"&IF(ISNUMBER(FIND(" | ",C50)),TRIM(LEFT(C50,FIND(" | ",C50)-1)),C50)) | J50: =IF(C50="","",IF(COUNTIF($I$12:$I$51,I50)>1,"DUPLIKAT",IF(ISERROR(VLOOKUP(I50,PigmentyKlucz,1,FALSE)),"BRAK W BAZIE","OK")))
A51: =IF(C51="","",40) | D51: =IF(C51="","",IFERROR(VLOOKUP(I51,PigmentyKlucz,4,FALSE),"BRAK W BAZIE")) | F51: =IF(C51="","",IFERROR(VLOOKUP(I51,PigmentyKlucz,5,FALSE),Ust_Jednostka)) | G51: =IF(OR(C51="",MasaOryg=0),"",E51/MasaOryg) | I51: =IF(C51="","",B51&"|"&IF(ISNUMBER(FIND(" | ",C51)),TRIM(LEFT(C51,FIND(" | ",C51)-1)),C51)) | J51: =IF(C51="","",IF(COUNTIF($I$12:$I$51,I51)>1,"DUPLIKAT",IF(ISERROR(VLOOKUP(I51,PigmentyKlucz,1,FALSE)),"BRAK W BAZIE","OK")))

Sheet RECEPTURA_WLASNA
A1: RECEPTURA WŁASNA
A2: Główny arkusz roboczy. ILOŚĆ ORYGINALNA dociągana kluczem SYSTEM|NR. Można dodać pigment z drugiego systemu.
A3: Nazwa | C3: =Meta_Nazwa | E3: Numer | F3: =Meta_Numer | H3: System bazowy | I3: =Meta_System | K3: Masa docelowa (g) | M3: =MasaDocelowa
A4: Kolor | C4: =Meta_Kolor | E4: Wersja | F4: =Meta_Wersja | H4: Data | I4: =Meta_Data | K4: Masa własna (g) | M4: =MasaWlasna
A5: Status udziałów | C5: =StatusUdzialow | E5: Masa oryg. (g) | F5: =MasaOryg | H5: Różnica (g) | I5: =MasaWlasna-MasaOryg | K5: Wsp. skali | M5: =IFERROR(MasaDocelowa/MasaWlasna,0)
A7: Kolumny złote: SYSTEM, NR, ILOŚĆ WŁASNA, UWAGI. Kliknij NR PIGMENTU — lista z bazy SYSTEM w tym wierszu (można mieszać AUTOCOLOR i DUXONE). ILOŚĆ DO ZWAŻENIA = ilość własna × masa docelowa / masa własna (przeliczenie na 100 g / 500 g / 1 kg / dowolna). STATUS: BEZ ZMIAN / ZWIĘKSZONO / ZMNIEJSZONO / DODANO / USUNIĘTO. Usunięcie = ilość własna 0 przy ilości oryginalnej > 0.
A11: LP | B11: SYSTEM | C11: NR PIGMENTU | D11: NAZWA PIGMENTU | E11: ILOŚĆ ORYGINALNA | F11: ILOŚĆ WŁASNA | G11: RÓŻNICA | H11: ZMIANA % | I11: % W RECEPTURZE ORYGINALNEJ | J11: % W RECEPTURZE WŁASNEJ | K11: STATUS | L11: UWAGI | M11: ILOŚĆ DO ZWAŻENIA | N11: KONTROLA | O11: WALIDACJA BAZY | P11: KLUCZ
A12: =IF(C12="","",1) | B12: AUTOCOLOR | C12: P425-900 | D12: =IF(C12="","",IFERROR(VLOOKUP(P12,PigmentyKlucz,4,FALSE),"BRAK W BAZIE")) | E12: =IF(C12="","",IFERROR(SUMIF(RECEPTURA_ORYGINALNA!$I$12:$I$51,P12,RECEPTURA_ORYGINALNA!$E$12:$E$51),0)) | F12: 50 | G12: =IF(C12="","",N(F12)-N(E12)) | H12: =IF(C12="","",IF(N(E12)=0,IF(N(F12)>0,"",0),IFERROR((N(F12)-N(E12))/N(E12),0))) | I12: =IF(C12="","",IF(MasaOryg=0,"",N(E12)/MasaOryg)) | J12: =IF(C12="","",IF(MasaWlasna=0,"",N(F12)/MasaWlasna)) | K12: =IF(C12="","",IF(AND(N(E12)>0,N(F12)=0),"USUNIĘTO",IF(AND(N(E12)=0,N(F12)>0),"DODANO",IF(N(F12)>N(E12),"ZWIĘKSZONO",IF(N(F12)<N(E12),"ZMNIEJSZONO","BEZ ZMIAN"))))) | M12: =IF(C12="","",IFERROR(N(F12)*MasaDocelowa/MasaWlasna,0)) | N12: =IF(C12="","",IF(COUNTIF($P$12:$P$51,P12)>1,"DUPLIKAT","OK")) | O12: =IF(C12="","",IF(B12="","BRAK SYSTEMU",IF(ISERROR(VLOOKUP(P12,PigmentyKlucz,1,FALSE)),"BRAK W BAZIE","OK"))) | P12: =IF(C12="","",B12&"|"&IF(ISNUMBER(FIND(" | ",C12)),TRIM(LEFT(C12,FIND(" | ",C12)-1)),C12))
A13: =IF(C13="","",2) | B13: AUTOCOLOR | C13: P425-984 | D13: =IF(C13="","",IFERROR(VLOOKUP(P13,PigmentyKlucz,4,FALSE),"BRAK W BAZIE")) | E13: =IF(C13="","",IFERROR(SUMIF(RECEPTURA_ORYGINALNA!$I$12:$I$51,P13,RECEPTURA_ORYGINALNA!$E$12:$E$51),0)) | F13: 30 | G13: =IF(C13="","",N(F13)-N(E13)) | H13: =IF(C13="","",IF(N(E13)=0,IF(N(F13)>0,"",0),IFERROR((N(F13)-N(E13))/N(E13),0))) | I13: =IF(C13="","",IF(MasaOryg=0,"",N(E13)/MasaOryg)) | J13: =IF(C13="","",IF(MasaWlasna=0,"",N(F13)/MasaWlasna)) | K13: =IF(C13="","",IF(AND(N(E13)>0,N(F13)=0),"USUNIĘTO",IF(AND(N(E13)=0,N(F13)>0),"DODANO",IF(N(F13)>N(E13),"ZWIĘKSZONO",IF(N(F13)<N(E13),"ZMNIEJSZONO","BEZ ZMIAN"))))) | M13: =IF(C13="","",IFERROR(N(F13)*MasaDocelowa/MasaWlasna,0)) | N13: =IF(C13="","",IF(COUNTIF($P$12:$P$51,P13)>1,"DUPLIKAT","OK")) | O13: =IF(C13="","",IF(B13="","BRAK SYSTEMU",IF(ISERROR(VLOOKUP(P13,PigmentyKlucz,1,FALSE)),"BRAK W BAZIE","OK"))) | P13: =IF(C13="","",B13&"|"&IF(ISNUMBER(FIND(" | ",C13)),TRIM(LEFT(C13,FIND(" | ",C13)-1)),C13))
A14: =IF(C14="","",3) | B14: AUTOCOLOR | C14: P425-948 | D14: =IF(C14="","",IFERROR(VLOOKUP(P14,PigmentyKlucz,4,FALSE),"BRAK W BAZIE")) | E14: =IF(C14="","",IFERROR(SUMIF(RECEPTURA_ORYGINALNA!$I$12:$I$51,P14,RECEPTURA_ORYGINALNA!$E$12:$E$51),0)) | F14: 20 | G14: =IF(C14="","",N(F14)-N(E14)) | H14: =IF(C14="","",IF(N(E14)=0,IF(N(F14)>0,"",0),IFERROR((N(F14)-N(E14))/N(E14),0))) | I14: =IF(C14="","",IF(MasaOryg=0,"",N(E14)/MasaOryg)) | J14: =IF(C14="","",IF(MasaWlasna=0,"",N(F14)/MasaWlasna)) | K14: =IF(C14="","",IF(AND(N(E14)>0,N(F14)=0),"USUNIĘTO",IF(AND(N(E14)=0,N(F14)>0),"DODANO",IF(N(F14)>N(E14),"ZWIĘKSZONO",IF(N(F14)<N(E14),"ZMNIEJSZONO","BEZ ZMIAN"))))) | M14: =IF(C14="","",IFERROR(N(F14)*MasaDocelowa/MasaWlasna,0)) | N14: =IF(C14="","",IF(COUNTIF($P$12:$P$51,P14)>1,"DUPLIKAT","OK")) | O14: =IF(C14="","",IF(B14="","BRAK SYSTEMU",IF(ISERROR(VLOOKUP(P14,PigmentyKlucz,1,FALSE)),"BRAK W BAZIE","OK"))) | P14: =IF(C14="","",B14&"|"&IF(ISNUMBER(FIND(" | ",C14)),TRIM(LEFT(C14,FIND(" | ",C14)-1)),C14))
A15: =IF(C15="","",4) | D15: =IF(C15="","",IFERROR(VLOOKUP(P15,PigmentyKlucz,4,FALSE),"BRAK W BAZIE")) | E15: =IF(C15="","",IFERROR(SUMIF(RECEPTURA_ORYGINALNA!$I$12:$I$51,P15,RECEPTURA_ORYGINALNA!$E$12:$E$51),0)) | G15: =IF(C15="","",N(F15)-N(E15)) | H15: =IF(C15="","",IF(N(E15)=0,IF(N(F15)>0,"",0),IFERROR((N(F15)-N(E15))/N(E15),0))) | I15: =IF(C15="","",IF(MasaOryg=0,"",N(E15)/MasaOryg)) | J15: =IF(C15="","",IF(MasaWlasna=0,"",N(F15)/MasaWlasna)) | K15: =IF(C15="","",IF(AND(N(E15)>0,N(F15)=0),"USUNIĘTO",IF(AND(N(E15)=0,N(F15)>0),"DODANO",IF(N(F15)>N(E15),"ZWIĘKSZONO",IF(N(F15)<N(E15),"ZMNIEJSZONO","BEZ ZMIAN"))))) | M15: =IF(C15="","",IFERROR(N(F15)*MasaDocelowa/MasaWlasna,0)) | N15: =IF(C15="","",IF(COUNTIF($P$12:$P$51,P15)>1,"DUPLIKAT","OK")) | O15: =IF(C15="","",IF(B15="","BRAK SYSTEMU",IF(ISERROR(VLOOKUP(P15,PigmentyKlucz,1,FALSE)),"BRAK W BAZIE","OK"))) | P15: =IF(C15="","",B15&"|"&IF(ISNUMBER(FIND(" | ",C15)),TRIM(LEFT(C15,FIND(" | ",C15)-1)),C15))
A16: =IF(C16="","",5) | D16: =IF(C16="","",IFERROR(VLOOKUP(P16,PigmentyKlucz,4,FALSE),"BRAK W BAZIE")) | E16: =IF(C16="","",IFERROR(SUMIF(RECEPTURA_ORYGINALNA!$I$12:$I$51,P16,RECEPTURA_ORYGINALNA!$E$12:$E$51),0)) | G16: =IF(C16="","",N(F16)-N(E16)) | H16: =IF(C16="","",IF(N(E16)=0,IF(N(F16)>0,"",0),IFERROR((N(F16)-N(E16))/N(E16),0))) | I16: =IF(C16="","",IF(MasaOryg=0,"",N(E16)/MasaOryg)) | J16: =IF(C16="","",IF(MasaWlasna=0,"",N(F16)/MasaWlasna)) | K16: =IF(C16="","",IF(AND(N(E16)>0,N(F16)=0),"USUNIĘTO",IF(AND(N(E16)=0,N(F16)>0),"DODANO",IF(N(F16)>N(E16),"ZWIĘKSZONO",IF(N(F16)<N(E16),"ZMNIEJSZONO","BEZ ZMIAN"))))) | M16: =IF(C16="","",IFERROR(N(F16)*MasaDocelowa/MasaWlasna,0)) | N16: =IF(C16="","",IF(COUNTIF($P$12:$P$51,P16)>1,"DUPLIKAT","OK")) | O16: =IF(C16="","",IF(B16="","BRAK SYSTEMU",IF(ISERROR(VLOOKUP(P16,PigmentyKlucz,1,FALSE)),"BRAK W BAZIE","OK"))) | P16: =IF(C16="","",B16&"|"&IF(ISNUMBER(FIND(" | ",C16)),TRIM(LEFT(C16,FIND(" | ",C16)-1)),C16))
A17: =IF(C17="","",6) | D17: =IF(C17="","",IFERROR(VLOOKUP(P17,PigmentyKlucz,4,FALSE),"BRAK W BAZIE")) | E17: =IF(C17="","",IFERROR(SUMIF(RECEPTURA_ORYGINALNA!$I$12:$I$51,P17,RECEPTURA_ORYGINALNA!$E$12:$E$51),0)) | G17: =IF(C17="","",N(F17)-N(E17)) | H17: =IF(C17="","",IF(N(E17)=0,IF(N(F17)>0,"",0),IFERROR((N(F17)-N(E17))/N(E17),0))) | I17: =IF(C17="","",IF(MasaOryg=0,"",N(E17)/MasaOryg)) | J17: =IF(C17="","",IF(MasaWlasna=0,"",N(F17)/MasaWlasna)) | K17: =IF(C17="","",IF(AND(N(E17)>0,N(F17)=0),"USUNIĘTO",IF(AND(N(E17)=0,N(F17)>0),"DODANO",IF(N(F17)>N(E17),"ZWIĘKSZONO",IF(N(F17)<N(E17),"ZMNIEJSZONO","BEZ ZMIAN"))))) | M17: =IF(C17="","",IFERROR(N(F17)*MasaDocelowa/MasaWlasna,0)) | N17: =IF(C17="","",IF(COUNTIF($P$12:$P$51,P17)>1,"DUPLIKAT","OK")) | O17: =IF(C17="","",IF(B17="","BRAK SYSTEMU",IF(ISERROR(VLOOKUP(P17,PigmentyKlucz,1,FALSE)),"BRAK W BAZIE","OK"))) | P17: =IF(C17="","",B17&"|"&IF(ISNUMBER(FIND(" | ",C17)),TRIM(LEFT(C17,FIND(" | ",C17)-1)),C17))
A18: =IF(C18="","",7) | D18: =IF(C18="","",IFERROR(VLOOKUP(P18,PigmentyKlucz,4,FALSE),"BRAK W BAZIE")) | E18: =IF(C18="","",IFERROR(SUMIF(RECEPTURA_ORYGINALNA!$I$12:$I$51,P18,RECEPTURA_ORYGINALNA!$E$12:$E$51),0)) | G18: =IF(C18="","",N(F18)-N(E18)) | H18: =IF(C18="","",IF(N(E18)=0,IF(N(F18)>0,"",0),IFERROR((N(F18)-N(E18))/N(E18),0))) | I18: =IF(C18="","",IF(MasaOryg=0,"",N(E18)/MasaOryg)) | J18: =IF(C18="","",IF(MasaWlasna=0,"",N(F18)/MasaWlasna)) | K18: =IF(C18="","",IF(AND(N(E18)>0,N(F18)=0),"USUNIĘTO",IF(AND(N(E18)=0,N(F18)>0),"DODANO",IF(N(F18)>N(E18),"ZWIĘKSZONO",IF(N(F18)<N(E18),"ZMNIEJSZONO","BEZ ZMIAN"))))) | M18: =IF(C18="","",IFERROR(N(F18)*MasaDocelowa/MasaWlasna,0)) | N18: =IF(C18="","",IF(COUNTIF($P$12:$P$51,P18)>1,"DUPLIKAT","OK")) | O18: =IF(C18="","",IF(B18="","BRAK SYSTEMU",IF(ISERROR(VLOOKUP(P18,PigmentyKlucz,1,FALSE)),"BRAK W BAZIE","OK"))) | P18: =IF(C18="","",B18&"|"&IF(ISNUMBER(FIND(" | ",C18)),TRIM(LEFT(C18,FIND(" | ",C18)-1)),C18))
A19: =IF(C19="","",8) | D19: =IF(C19="","",IFERROR(VLOOKUP(P19,PigmentyKlucz,4,FALSE),"BRAK W BAZIE")) | E19: =IF(C19="","",IFERROR(SUMIF(RECEPTURA_ORYGINALNA!$I$12:$I$51,P19,RECEPTURA_ORYGINALNA!$E$12:$E$51),0)) | G19: =IF(C19="","",N(F19)-N(E19)) | H19: =IF(C19="","",IF(N(E19)=0,IF(N(F19)>0,"",0),IFERROR((N(F19)-N(E19))/N(E19),0))) | I19: =IF(C19="","",IF(MasaOryg=0,"",N(E19)/MasaOryg)) | J19: =IF(C19="","",IF(MasaWlasna=0,"",N(F19)/MasaWlasna)) | K19: =IF(C19="","",IF(AND(N(E19)>0,N(F19)=0),"USUNIĘTO",IF(AND(N(E19)=0,N(F19)>0),"DODANO",IF(N(F19)>N(E19),"ZWIĘKSZONO",IF(N(F19)<N(E19),"ZMNIEJSZONO","BEZ ZMIAN"))))) | M19: =IF(C19="","",IFERROR(N(F19)*MasaDocelowa/MasaWlasna,0)) | N19: =IF(C19="","",IF(COUNTIF($P$12:$P$51,P19)>1,"DUPLIKAT","OK")) | O19: =IF(C19="","",IF(B19="","BRAK SYSTEMU",IF(ISERROR(VLOOKUP(P19,PigmentyKlucz,1,FALSE)),"BRAK W BAZIE","OK"))) | P19: =IF(C19="","",B19&"|"&IF(ISNUMBER(FIND(" | ",C19)),TRIM(LEFT(C19,FIND(" | ",C19)-1)),C19))
A20: =IF(C20="","",9) | D20: =IF(C20="","",IFERROR(VLOOKUP(P20,PigmentyKlucz,4,FALSE),"BRAK W BAZIE")) | E20: =IF(C20="","",IFERROR(SUMIF(RECEPTURA_ORYGINALNA!$I$12:$I$51,P20,RECEPTURA_ORYGINALNA!$E$12:$E$51),0)) | G20: =IF(C20="","",N(F20)-N(E20)) | H20: =IF(C20="","",IF(N(E20)=0,IF(N(F20)>0,"",0),IFERROR((N(F20)-N(E20))/N(E20),0))) | I20: =IF(C20="","",IF(MasaOryg=0,"",N(E20)/MasaOryg)) | J20: =IF(C20="","",IF(MasaWlasna=0,"",N(F20)/MasaWlasna)) | K20: =IF(C20="","",IF(AND(N(E20)>0,N(F20)=0),"USUNIĘTO",IF(AND(N(E20)=0,N(F20)>0),"DODANO",IF(N(F20)>N(E20),"ZWIĘKSZONO",IF(N(F20)<N(E20),"ZMNIEJSZONO","BEZ ZMIAN"))))) | M20: =IF(C20="","",IFERROR(N(F20)*MasaDocelowa/MasaWlasna,0)) | N20: =IF(C20="","",IF(COUNTIF($P$12:$P$51,P20)>1,"DUPLIKAT","OK")) | O20: =IF(C20="","",IF(B20="","BRAK SYSTEMU",IF(ISERROR(VLOOKUP(P20,PigmentyKlucz,1,FALSE)),"BRAK W BAZIE","OK"))) | P20: =IF(C20="","",B20&"|"&IF(ISNUMBER(FIND(" | ",C20)),TRIM(LEFT(C20,FIND(" | ",C20)-1)),C20))
A21: =IF(C21="","",10) | D21: =IF(C21="","",IFERROR(VLOOKUP(P21,PigmentyKlucz,4,FALSE),"BRAK W BAZIE")) | E21: =IF(C21="","",IFERROR(SUMIF(RECEPTURA_ORYGINALNA!$I$12:$I$51,P21,RECEPTURA_ORYGINALNA!$E$12:$E$51),0)) | G21: =IF(C21="","",N(F21)-N(E21)) | H21: =IF(C21="","",IF(N(E21)=0,IF(N(F21)>0,"",0),IFERROR((N(F21)-N(E21))/N(E21),0))) | I21: =IF(C21="","",IF(MasaOryg=0,"",N(E21)/MasaOryg)) | J21: =IF(C21="","",IF(MasaWlasna=0,"",N(F21)/MasaWlasna)) | K21: =IF(C21="","",IF(AND(N(E21)>0,N(F21)=0),"USUNIĘTO",IF(AND(N(E21)=0,N(F21)>0),"DODANO",IF(N(F21)>N(E21),"ZWIĘKSZONO",IF(N(F21)<N(E21),"ZMNIEJSZONO","BEZ ZMIAN"))))) | M21: =IF(C21="","",IFERROR(N(F21)*MasaDocelowa/MasaWlasna,0)) | N21: =IF(C21="","",IF(COUNTIF($P$12:$P$51,P21)>1,"DUPLIKAT","OK")) | O21: =IF(C21="","",IF(B21="","BRAK SYSTEMU",IF(ISERROR(VLOOKUP(P21,PigmentyKlucz,1,FALSE)),"BRAK W BAZIE","OK"))) | P21: =IF(C21="","",B21&"|"&IF(ISNUMBER(FIND(" | ",C21)),TRIM(LEFT(C21,FIND(" | ",C21)-1)),C21))
A22: =IF(C22="","",11) | D22: =IF(C22="","",IFERROR(VLOOKUP(P22,PigmentyKlucz,4,FALSE),"BRAK W BAZIE")) | E22: =IF(C22="","",IFERROR(SUMIF(RECEPTURA_ORYGINALNA!$I$12:$I$51,P22,RECEPTURA_ORYGINALNA!$E$12:$E$51),0)) | G22: =IF(C22="","",N(F22)-N(E22)) | H22: =IF(C22="","",IF(N(E22)=0,IF(N(F22)>0,"",0),IFERROR((N(F22)-N(E22))/N(E22),0))) | I22: =IF(C22="","",IF(MasaOryg=0,"",N(E22)/MasaOryg)) | J22: =IF(C22="","",IF(MasaWlasna=0,"",N(F22)/MasaWlasna)) | K22: =IF(C22="","",IF(AND(N(E22)>0,N(F22)=0),"USUNIĘTO",IF(AND(N(E22)=0,N(F22)>0),"DODANO",IF(N(F22)>N(E22),"ZWIĘKSZONO",IF(N(F22)<N(E22),"ZMNIEJSZONO","BEZ ZMIAN"))))) | M22: =IF(C22="","",IFERROR(N(F22)*MasaDocelowa/MasaWlasna,0)) | N22: =IF(C22="","",IF(COUNTIF($P$12:$P$51,P22)>1,"DUPLIKAT","OK")) | O22: =IF(C22="","",IF(B22="","BRAK SYSTEMU",IF(ISERROR(VLOOKUP(P22,PigmentyKlucz,1,FALSE)),"BRAK W BAZIE","OK"))) | P22: =IF(C22="","",B22&"|"&IF(ISNUMBER(FIND(" | ",C22)),TRIM(LEFT(C22,FIND(" | ",C22)-1)),C22))
A23: =IF(C23="","",12) | D23: =IF(C23="","",IFERROR(VLOOKUP(P23,PigmentyKlucz,4,FALSE),"BRAK W BAZIE")) | E23: =IF(C23="","",IFERROR(SUMIF(RECEPTURA_ORYGINALNA!$I$12:$I$51,P23,RECEPTURA_ORYGINALNA!$E$12:$E$51),0)) | G23: =IF(C23="","",N(F23)-N(E23)) | H23: =IF(C23="","",IF(N(E23)=0,IF(N(F23)>0,"",0),IFERROR((N(F23)-N(E23))/N(E23),0))) | I23: =IF(C23="","",IF(MasaOryg=0,"",N(E23)/MasaOryg)) | J23: =IF(C23="","",IF(MasaWlasna=0,"",N(F23)/MasaWlasna)) | K23: =IF(C23="","",IF(AND(N(E23)>0,N(F23)=0),"USUNIĘTO",IF(AND(N(E23)=0,N(F23)>0),"DODANO",IF(N(F23)>N(E23),"ZWIĘKSZONO",IF(N(F23)<N(E23),"ZMNIEJSZONO","BEZ ZMIAN"))))) | M23: =IF(C23="","",IFERROR(N(F23)*MasaDocelowa/MasaWlasna,0)) | N23: =IF(C23="","",IF(COUNTIF($P$12:$P$51,P23)>1,"DUPLIKAT","OK")) | O23: =IF(C23="","",IF(B23="","BRAK SYSTEMU",IF(ISERROR(VLOOKUP(P23,PigmentyKlucz,1,FALSE)),"BRAK W BAZIE","OK"))) | P23: =IF(C23="","",B23&"|"&IF(ISNUMBER(FIND(" | ",C23)),TRIM(LEFT(C23,FIND(" | ",C23)-1)),C23))
A24: =IF(C24="","",13) | D24: =IF(C24="","",IFERROR(VLOOKUP(P24,PigmentyKlucz,4,FALSE),"BRAK W BAZIE")) | E24: =IF(C24="","",IFERROR(SUMIF(RECEPTURA_ORYGINALNA!$I$12:$I$51,P24,RECEPTURA_ORYGINALNA!$E$12:$E$51),0)) | G24: =IF(C24="","",N(F24)-N(E24)) | H24: =IF(C24="","",IF(N(E24)=0,IF(N(F24)>0,"",0),IFERROR((N(F24)-N(E24))/N(E24),0))) | I24: =IF(C24="","",IF(MasaOryg=0,"",N(E24)/MasaOryg)) | J24: =IF(C24="","",IF(MasaWlasna=0,"",N(F24)/MasaWlasna)) | K24: =IF(C24="","",IF(AND(N(E24)>0,N(F24)=0),"USUNIĘTO",IF(AND(N(E24)=0,N(F24)>0),"DODANO",IF(N(F24)>N(E24),"ZWIĘKSZONO",IF(N(F24)<N(E24),"ZMNIEJSZONO","BEZ ZMIAN"))))) | M24: =IF(C24="","",IFERROR(N(F24)*MasaDocelowa/MasaWlasna,0)) | N24: =IF(C24="","",IF(COUNTIF($P$12:$P$51,P24)>1,"DUPLIKAT","OK")) | O24: =IF(C24="","",IF(B24="","BRAK SYSTEMU",IF(ISERROR(VLOOKUP(P24,PigmentyKlucz,1,FALSE)),"BRAK W BAZIE","OK"))) | P24: =IF(C24="","",B24&"|"&IF(ISNUMBER(FIND(" | ",C24)),TRIM(LEFT(C24,FIND(" | ",C24)-1)),C24))
A25: =IF(C25="","",14) | D25: =IF(C25="","",IFERROR(VLOOKUP(P25,PigmentyKlucz,4,FALSE),"BRAK W BAZIE")) | E25: =IF(C25="","",IFERROR(SUMIF(RECEPTURA_ORYGINALNA!$I$12:$I$51,P25,RECEPTURA_ORYGINALNA!$E$12:$E$51),0)) | G25: =IF(C25="","",N(F25)-N(E25)) | H25: =IF(C25="","",IF(N(E25)=0,IF(N(F25)>0,"",0),IFERROR((N(F25)-N(E25))/N(E25),0))) | I25: =IF(C25="","",IF(MasaOryg=0,"",N(E25)/MasaOryg)) | J25: =IF(C25="","",IF(MasaWlasna=0,"",N(F25)/MasaWlasna)) | K25: =IF(C25="","",IF(AND(N(E25)>0,N(F25)=0),"USUNIĘTO",IF(AND(N(E25)=0,N(F25)>0),"DODANO",IF(N(F25)>N(E25),"ZWIĘKSZONO",IF(N(F25)<N(E25),"ZMNIEJSZONO","BEZ ZMIAN"))))) | M25: =IF(C25="","",IFERROR(N(F25)*MasaDocelowa/MasaWlasna,0)) | N25: =IF(C25="","",IF(COUNTIF($P$12:$P$51,P25)>1,"DUPLIKAT","OK")) | O25: =IF(C25="","",IF(B25="","BRAK SYSTEMU",IF(ISERROR(VLOOKUP(P25,PigmentyKlucz,1,FALSE)),"BRAK W BAZIE","OK"))) | P25: =IF(C25="","",B25&"|"&IF(ISNUMBER(FIND(" | ",C25)),TRIM(LEFT(C25,FIND(" | ",C25)-1)),C25))
A26: =IF(C26="","",15) | D26: =IF(C26="","",IFERROR(VLOOKUP(P26,PigmentyKlucz,4,FALSE),"BRAK W BAZIE")) | E26: =IF(C26="","",IFERROR(SUMIF(RECEPTURA_ORYGINALNA!$I$12:$I$51,P26,RECEPTURA_ORYGINALNA!$E$12:$E$51),0)) | G26: =IF(C26="","",N(F26)-N(E26)) | H26: =IF(C26="","",IF(N(E26)=0,IF(N(F26)>0,"",0),IFERROR((N(F26)-N(E26))/N(E26),0))) | I26: =IF(C26="","",IF(MasaOryg=0,"",N(E26)/MasaOryg)) | J26: =IF(C26="","",IF(MasaWlasna=0,"",N(F26)/MasaWlasna)) | K26: =IF(C26="","",IF(AND(N(E26)>0,N(F26)=0),"USUNIĘTO",IF(AND(N(E26)=0,N(F26)>0),"DODANO",IF(N(F26)>N(E26),"ZWIĘKSZONO",IF(N(F26)<N(E26),"ZMNIEJSZONO","BEZ ZMIAN"))))) | M26: =IF(C26="","",IFERROR(N(F26)*MasaDocelowa/MasaWlasna,0)) | N26: =IF(C26="","",IF(COUNTIF($P$12:$P$51,P26)>1,"DUPLIKAT","OK")) | O26: =IF(C26="","",IF(B26="","BRAK SYSTEMU",IF(ISERROR(VLOOKUP(P26,PigmentyKlucz,1,FALSE)),"BRAK W BAZIE","OK"))) | P26: =IF(C26="","",B26&"|"&IF(ISNUMBER(FIND(" | ",C26)),TRIM(LEFT(C26,FIND(" | ",C26)-1)),C26))
A27: =IF(C27="","",16) | D27: =IF(C27="","",IFERROR(VLOOKUP(P27,PigmentyKlucz,4,FALSE),"BRAK W BAZIE")) | E27: =IF(C27="","",IFERROR(SUMIF(RECEPTURA_ORYGINALNA!$I$12:$I$51,P27,RECEPTURA_ORYGINALNA!$E$12:$E$51),0)) | G27: =IF(C27="","",N(F27)-N(E27)) | H27: =IF(C27="","",IF(N(E27)=0,IF(N(F27)>0,"",0),IFERROR((N(F27)-N(E27))/N(E27),0))) | I27: =IF(C27="","",IF(MasaOryg=0,"",N(E27)/MasaOryg)) | J27: =IF(C27="","",IF(MasaWlasna=0,"",N(F27)/MasaWlasna)) | K27: =IF(C27="","",IF(AND(N(E27)>0,N(F27)=0),"USUNIĘTO",IF(AND(N(E27)=0,N(F27)>0),"DODANO",IF(N(F27)>N(E27),"ZWIĘKSZONO",IF(N(F27)<N(E27),"ZMNIEJSZONO","BEZ ZMIAN"))))) | M27: =IF(C27="","",IFERROR(N(F27)*MasaDocelowa/MasaWlasna,0)) | N27: =IF(C27="","",IF(COUNTIF($P$12:$P$51,P27)>1,"DUPLIKAT","OK")) | O27: =IF(C27="","",IF(B27="","BRAK SYSTEMU",IF(ISERROR(VLOOKUP(P27,PigmentyKlucz,1,FALSE)),"BRAK W BAZIE","OK"))) | P27: =IF(C27="","",B27&"|"&IF(ISNUMBER(FIND(" | ",C27)),TRIM(LEFT(C27,FIND(" | ",C27)-1)),C27))
A28: =IF(C28="","",17) | D28: =IF(C28="","",IFERROR(VLOOKUP(P28,PigmentyKlucz,4,FALSE),"BRAK W BAZIE")) | E28: =IF(C28="","",IFERROR(SUMIF(RECEPTURA_ORYGINALNA!$I$12:$I$51,P28,RECEPTURA_ORYGINALNA!$E$12:$E$51),0)) | G28: =IF(C28="","",N(F28)-N(E28)) | H28: =IF(C28="","",IF(N(E28)=0,IF(N(F28)>0,"",0),IFERROR((N(F28)-N(E28))/N(E28),0))) | I28: =IF(C28="","",IF(MasaOryg=0,"",N(E28)/MasaOryg)) | J28: =IF(C28="","",IF(MasaWlasna=0,"",N(F28)/MasaWlasna)) | K28: =IF(C28="","",IF(AND(N(E28)>0,N(F28)=0),"USUNIĘTO",IF(AND(N(E28)=0,N(F28)>0),"DODANO",IF(N(F28)>N(E28),"ZWIĘKSZONO",IF(N(F28)<N(E28),"ZMNIEJSZONO","BEZ ZMIAN"))))) | M28: =IF(C28="","",IFERROR(N(F28)*MasaDocelowa/MasaWlasna,0)) | N28: =IF(C28="","",IF(COUNTIF($P$12:$P$51,P28)>1,"DUPLIKAT","OK")) | O28: =IF(C28="","",IF(B28="","BRAK SYSTEMU",IF(ISERROR(VLOOKUP(P28,PigmentyKlucz,1,FALSE)),"BRAK W BAZIE","OK"))) | P28: =IF(C28="","",B28&"|"&IF(ISNUMBER(FIND(" | ",C28)),TRIM(LEFT(C28,FIND(" | ",C28)-1)),C28))
A29: =IF(C29="","",18) | D29: =IF(C29="","",IFERROR(VLOOKUP(P29,PigmentyKlucz,4,FALSE),"BRAK W BAZIE")) | E29: =IF(C29="","",IFERROR(SUMIF(RECEPTURA_ORYGINALNA!$I$12:$I$51,P29,RECEPTURA_ORYGINALNA!$E$12:$E$51),0)) | G29: =IF(C29="","",N(F29)-N(E29)) | H29: =IF(C29="","",IF(N(E29)=0,IF(N(F29)>0,"",0),IFERROR((N(F29)-N(E29))/N(E29),0))) | I29: =IF(C29="","",IF(MasaOryg=0,"",N(E29)/MasaOryg)) | J29: =IF(C29="","",IF(MasaWlasna=0,"",N(F29)/MasaWlasna)) | K29: =IF(C29="","",IF(AND(N(E29)>0,N(F29)=0),"USUNIĘTO",IF(AND(N(E29)=0,N(F29)>0),"DODANO",IF(N(F29)>N(E29),"ZWIĘKSZONO",IF(N(F29)<N(E29),"ZMNIEJSZONO","BEZ ZMIAN"))))) | M29: =IF(C29="","",IFERROR(N(F29)*MasaDocelowa/MasaWlasna,0)) | N29: =IF(C29="","",IF(COUNTIF($P$12:$P$51,P29)>1,"DUPLIKAT","OK")) | O29: =IF(C29="","",IF(B29="","BRAK SYSTEMU",IF(ISERROR(VLOOKUP(P29,PigmentyKlucz,1,FALSE)),"BRAK W BAZIE","OK"))) | P29: =IF(C29="","",B29&"|"&IF(ISNUMBER(FIND(" | ",C29)),TRIM(LEFT(C29,FIND(" | ",C29)-1)),C29))
A30: =IF(C30="","",19) | D30: =IF(C30="","",IFERROR(VLOOKUP(P30,PigmentyKlucz,4,FALSE),"BRAK W BAZIE")) | E30: =IF(C30="","",IFERROR(SUMIF(RECEPTURA_ORYGINALNA!$I$12:$I$51,P30,RECEPTURA_ORYGINALNA!$E$12:$E$51),0)) | G30: =IF(C30="","",N(F30)-N(E30)) | H30: =IF(C30="","",IF(N(E30)=0,IF(N(F30)>0,"",0),IFERROR((N(F30)-N(E30))/N(E30),0))) | I30: =IF(C30="","",IF(MasaOryg=0,"",N(E30)/MasaOryg)) | J30: =IF(C30="","",IF(MasaWlasna=0,"",N(F30)/MasaWlasna)) | K30: =IF(C30="","",IF(AND(N(E30)>0,N(F30)=0),"USUNIĘTO",IF(AND(N(E30)=0,N(F30)>0),"DODANO",IF(N(F30)>N(E30),"ZWIĘKSZONO",IF(N(F30)<N(E30),"ZMNIEJSZONO","BEZ ZMIAN"))))) | M30: =IF(C30="","",IFERROR(N(F30)*MasaDocelowa/MasaWlasna,0)) | N30: =IF(C30="","",IF(COUNTIF($P$12:$P$51,P30)>1,"DUPLIKAT","OK")) | O30: =IF(C30="","",IF(B30="","BRAK SYSTEMU",IF(ISERROR(VLOOKUP(P30,PigmentyKlucz,1,FALSE)),"BRAK W BAZIE","OK"))) | P30: =IF(C30="","",B30&"|"&IF(ISNUMBER(FIND(" | ",C30)),TRIM(LEFT(C30,FIND(" | ",C30)-1)),C30))
A31: =IF(C31="","",20) | D31: =IF(C31="","",IFERROR(VLOOKUP(P31,PigmentyKlucz,4,FALSE),"BRAK W BAZIE")) | E31: =IF(C31="","",IFERROR(SUMIF(RECEPTURA_ORYGINALNA!$I$12:$I$51,P31,RECEPTURA_ORYGINALNA!$E$12:$E$51),0)) | G31: =IF(C31="","",N(F31)-N(E31)) | H31: =IF(C31="","",IF(N(E31)=0,IF(N(F31)>0,"",0),IFERROR((N(F31)-N(E31))/N(E31),0))) | I31: =IF(C31="","",IF(MasaOryg=0,"",N(E31)/MasaOryg)) | J31: =IF(C31="","",IF(MasaWlasna=0,"",N(F31)/MasaWlasna)) | K31: =IF(C31="","",IF(AND(N(E31)>0,N(F31)=0),"USUNIĘTO",IF(AND(N(E31)=0,N(F31)>0),"DODANO",IF(N(F31)>N(E31),"ZWIĘKSZONO",IF(N(F31)<N(E31),"ZMNIEJSZONO","BEZ ZMIAN"))))) | M31: =IF(C31="","",IFERROR(N(F31)*MasaDocelowa/MasaWlasna,0)) | N31: =IF(C31="","",IF(COUNTIF($P$12:$P$51,P31)>1,"DUPLIKAT","OK")) | O31: =IF(C31="","",IF(B31="","BRAK SYSTEMU",IF(ISERROR(VLOOKUP(P31,PigmentyKlucz,1,FALSE)),"BRAK W BAZIE","OK"))) | P31: =IF(C31="","",B31&"|"&IF(ISNUMBER(FIND(" | ",C31)),TRIM(LEFT(C31,FIND(" | ",C31)-1)),C31))
A32: =IF(C32="","",21) | D32: =IF(C32="","",IFERROR(VLOOKUP(P32,PigmentyKlucz,4,FALSE),"BRAK W BAZIE")) | E32: =IF(C32="","",IFERROR(SUMIF(RECEPTURA_ORYGINALNA!$I$12:$I$51,P32,RECEPTURA_ORYGINALNA!$E$12:$E$51),0)) | G32: =IF(C32="","",N(F32)-N(E32)) | H32: =IF(C32="","",IF(N(E32)=0,IF(N(F32)>0,"",0),IFERROR((N(F32)-N(E32))/N(E32),0))) | I32: =IF(C32="","",IF(MasaOryg=0,"",N(E32)/MasaOryg)) | J32: =IF(C32="","",IF(MasaWlasna=0,"",N(F32)/MasaWlasna)) | K32: =IF(C32="","",IF(AND(N(E32)>0,N(F32)=0),"USUNIĘTO",IF(AND(N(E32)=0,N(F32)>0),"DODANO",IF(N(F32)>N(E32),"ZWIĘKSZONO",IF(N(F32)<N(E32),"ZMNIEJSZONO","BEZ ZMIAN"))))) | M32: =IF(C32="","",IFERROR(N(F32)*MasaDocelowa/MasaWlasna,0)) | N32: =IF(C32="","",IF(COUNTIF($P$12:$P$51,P32)>1,"DUPLIKAT","OK")) | O32: =IF(C32="","",IF(B32="","BRAK SYSTEMU",IF(ISERROR(VLOOKUP(P32,PigmentyKlucz,1,FALSE)),"BRAK W BAZIE","OK"))) | P32: =IF(C32="","",B32&"|"&IF(ISNUMBER(FIND(" | ",C32)),TRIM(LEFT(C32,FIND(" | ",C32)-1)),C32))
A33: =IF(C33="","",22) | D33: =IF(C33="","",IFERROR(VLOOKUP(P33,PigmentyKlucz,4,FALSE),"BRAK W BAZIE")) | E33: =IF(C33="","",IFERROR(SUMIF(RECEPTURA_ORYGINALNA!$I$12:$I$51,P33,RECEPTURA_ORYGINALNA!$E$12:$E$51),0)) | G33: =IF(C33="","",N(F33)-N(E33)) | H33: =IF(C33="","",IF(N(E33)=0,IF(N(F33)>0,"",0),IFERROR((N(F33)-N(E33))/N(E33),0))) | I33: =IF(C33="","",IF(MasaOryg=0,"",N(E33)/MasaOryg)) | J33: =IF(C33="","",IF(MasaWlasna=0,"",N(F33)/MasaWlasna)) | K33: =IF(C33="","",IF(AND(N(E33)>0,N(F33)=0),"USUNIĘTO",IF(AND(N(E33)=0,N(F33)>0),"DODANO",IF(N(F33)>N(E33),"ZWIĘKSZONO",IF(N(F33)<N(E33),"ZMNIEJSZONO","BEZ ZMIAN"))))) | M33: =IF(C33="","",IFERROR(N(F33)*MasaDocelowa/MasaWlasna,0)) | N33: =IF(C33="","",IF(COUNTIF($P$12:$P$51,P33)>1,"DUPLIKAT","OK")) | O33: =IF(C33="","",IF(B33="","BRAK SYSTEMU",IF(ISERROR(VLOOKUP(P33,PigmentyKlucz,1,FALSE)),"BRAK W BAZIE","OK"))) | P33: =IF(C33="","",B33&"|"&IF(ISNUMBER(FIND(" | ",C33)),TRIM(LEFT(C33,FIND(" | ",C33)-1)),C33))
A34: =IF(C34="","",23) | D34: =IF(C34="","",IFERROR(VLOOKUP(P34,PigmentyKlucz,4,FALSE),"BRAK W BAZIE")) | E34: =IF(C34="","",IFERROR(SUMIF(RECEPTURA_ORYGINALNA!$I$12:$I$51,P34,RECEPTURA_ORYGINALNA!$E$12:$E$51),0)) | G34: =IF(C34="","",N(F34)-N(E34)) | H34: =IF(C34="","",IF(N(E34)=0,IF(N(F34)>0,"",0),IFERROR((N(F34)-N(E34))/N(E34),0))) | I34: =IF(C34="","",IF(MasaOryg=0,"",N(E34)/MasaOryg)) | J34: =IF(C34="","",IF(MasaWlasna=0,"",N(F34)/MasaWlasna)) | K34: =IF(C34="","",IF(AND(N(E34)>0,N(F34)=0),"USUNIĘTO",IF(AND(N(E34)=0,N(F34)>0),"DODANO",IF(N(F34)>N(E34),"ZWIĘKSZONO",IF(N(F34)<N(E34),"ZMNIEJSZONO","BEZ ZMIAN"))))) | M34: =IF(C34="","",IFERROR(N(F34)*MasaDocelowa/MasaWlasna,0)) | N34: =IF(C34="","",IF(COUNTIF($P$12:$P$51,P34)>1,"DUPLIKAT","OK")) | O34: =IF(C34="","",IF(B34="","BRAK SYSTEMU",IF(ISERROR(VLOOKUP(P34,PigmentyKlucz,1,FALSE)),"BRAK W BAZIE","OK"))) | P34: =IF(C34="","",B34&"|"&IF(ISNUMBER(FIND(" | ",C34)),TRIM(LEFT(C34,FIND(" | ",C34)-1)),C34))
A35: =IF(C35="","",24) | D35: =IF(C35="","",IFERROR(VLOOKUP(P35,PigmentyKlucz,4,FALSE),"BRAK W BAZIE")) | E35: =IF(C35="","",IFERROR(SUMIF(RECEPTURA_ORYGINALNA!$I$12:$I$51,P35,RECEPTURA_ORYGINALNA!$E$12:$E$51),0)) | G35: =IF(C35="","",N(F35)-N(E35)) | H35: =IF(C35="","",IF(N(E35)=0,IF(N(F35)>0,"",0),IFERROR((N(F35)-N(E35))/N(E35),0))) | I35: =IF(C35="","",IF(MasaOryg=0,"",N(E35)/MasaOryg)) | J35: =IF(C35="","",IF(MasaWlasna=0,"",N(F35)/MasaWlasna)) | K35: =IF(C35="","",IF(AND(N(E35)>0,N(F35)=0),"USUNIĘTO",IF(AND(N(E35)=0,N(F35)>0),"DODANO",IF(N(F35)>N(E35),"ZWIĘKSZONO",IF(N(F35)<N(E35),"ZMNIEJSZONO","BEZ ZMIAN"))))) | M35: =IF(C35="","",IFERROR(N(F35)*MasaDocelowa/MasaWlasna,0)) | N35: =IF(C35="","",IF(COUNTIF($P$12:$P$51,P35)>1,"DUPLIKAT","OK")) | O35: =IF(C35="","",IF(B35="","BRAK SYSTEMU",IF(ISERROR(VLOOKUP(P35,PigmentyKlucz,1,FALSE)),"BRAK W BAZIE","OK"))) | P35: =IF(C35="","",B35&"|"&IF(ISNUMBER(FIND(" | ",C35)),TRIM(LEFT(C35,FIND(" | ",C35)-1)),C35))
A36: =IF(C36="","",25) | D36: =IF(C36="","",IFERROR(VLOOKUP(P36,PigmentyKlucz,4,FALSE),"BRAK W BAZIE")) | E36: =IF(C36="","",IFERROR(SUMIF(RECEPTURA_ORYGINALNA!$I$12:$I$51,P36,RECEPTURA_ORYGINALNA!$E$12:$E$51),0)) | G36: =IF(C36="","",N(F36)-N(E36)) | H36: =IF(C36="","",IF(N(E36)=0,IF(N(F36)>0,"",0),IFERROR((N(F36)-N(E36))/N(E36),0))) | I36: =IF(C36="","",IF(MasaOryg=0,"",N(E36)/MasaOryg)) | J36: =IF(C36="","",IF(MasaWlasna=0,"",N(F36)/MasaWlasna)) | K36: =IF(C36="","",IF(AND(N(E36)>0,N(F36)=0),"USUNIĘTO",IF(AND(N(E36)=0,N(F36)>0),"DODANO",IF(N(F36)>N(E36),"ZWIĘKSZONO",IF(N(F36)<N(E36),"ZMNIEJSZONO","BEZ ZMIAN"))))) | M36: =IF(C36="","",IFERROR(N(F36)*MasaDocelowa/MasaWlasna,0)) | N36: =IF(C36="","",IF(COUNTIF($P$12:$P$51,P36)>1,"DUPLIKAT","OK")) | O36: =IF(C36="","",IF(B36="","BRAK SYSTEMU",IF(ISERROR(VLOOKUP(P36,PigmentyKlucz,1,FALSE)),"BRAK W BAZIE","OK"))) | P36: =IF(C36="","",B36&"|"&IF(ISNUMBER(FIND(" | ",C36)),TRIM(LEFT(C36,FIND(" | ",C36)-1)),C36))
A37: =IF(C37="","",26) | D37: =IF(C37="","",IFERROR(VLOOKUP(P37,PigmentyKlucz,4,FALSE),"BRAK W BAZIE")) | E37: =IF(C37="","",IFERROR(SUMIF(RECEPTURA_ORYGINALNA!$I$12:$I$51,P37,RECEPTURA_ORYGINALNA!$E$12:$E$51),0)) | G37: =IF(C37="","",N(F37)-N(E37)) | H37: =IF(C37="","",IF(N(E37)=0,IF(N(F37)>0,"",0),IFERROR((N(F37)-N(E37))/N(E37),0))) | I37: =IF(C37="","",IF(MasaOryg=0,"",N(E37)/MasaOryg)) | J37: =IF(C37="","",IF(MasaWlasna=0,"",N(F37)/MasaWlasna)) | K37: =IF(C37="","",IF(AND(N(E37)>0,N(F37)=0),"USUNIĘTO",IF(AND(N(E37)=0,N(F37)>0),"DODANO",IF(N(F37)>N(E37),"ZWIĘKSZONO",IF(N(F37)<N(E37),"ZMNIEJSZONO","BEZ ZMIAN"))))) | M37: =IF(C37="","",IFERROR(N(F37)*MasaDocelowa/MasaWlasna,0)) | N37: =IF(C37="","",IF(COUNTIF($P$12:$P$51,P37)>1,"DUPLIKAT","OK")) | O37: =IF(C37="","",IF(B37="","BRAK SYSTEMU",IF(ISERROR(VLOOKUP(P37,PigmentyKlucz,1,FALSE)),"BRAK W BAZIE","OK"))) | P37: =IF(C37="","",B37&"|"&IF(ISNUMBER(FIND(" | ",C37)),TRIM(LEFT(C37,FIND(" | ",C37)-1)),C37))
A38: =IF(C38="","",27) | D38: =IF(C38="","",IFERROR(VLOOKUP(P38,PigmentyKlucz,4,FALSE),"BRAK W BAZIE")) | E38: =IF(C38="","",IFERROR(SUMIF(RECEPTURA_ORYGINALNA!$I$12:$I$51,P38,RECEPTURA_ORYGINALNA!$E$12:$E$51),0)) | G38: =IF(C38="","",N(F38)-N(E38)) | H38: =IF(C38="","",IF(N(E38)=0,IF(N(F38)>0,"",0),IFERROR((N(F38)-N(E38))/N(E38),0))) | I38: =IF(C38="","",IF(MasaOryg=0,"",N(E38)/MasaOryg)) | J38: =IF(C38="","",IF(MasaWlasna=0,"",N(F38)/MasaWlasna)) | K38: =IF(C38="","",IF(AND(N(E38)>0,N(F38)=0),"USUNIĘTO",IF(AND(N(E38)=0,N(F38)>0),"DODANO",IF(N(F38)>N(E38),"ZWIĘKSZONO",IF(N(F38)<N(E38),"ZMNIEJSZONO","BEZ ZMIAN"))))) | M38: =IF(C38="","",IFERROR(N(F38)*MasaDocelowa/MasaWlasna,0)) | N38: =IF(C38="","",IF(COUNTIF($P$12:$P$51,P38)>1,"DUPLIKAT","OK")) | O38: =IF(C38="","",IF(B38="","BRAK SYSTEMU",IF(ISERROR(VLOOKUP(P38,PigmentyKlucz,1,FALSE)),"BRAK W BAZIE","OK"))) | P38: =IF(C38="","",B38&"|"&IF(ISNUMBER(FIND(" | ",C38)),TRIM(LEFT(C38,FIND(" | ",C38)-1)),C38))
A39: =IF(C39="","",28) | D39: =IF(C39="","",IFERROR(VLOOKUP(P39,PigmentyKlucz,4,FALSE),"BRAK W BAZIE")) | E39: =IF(C39="","",IFERROR(SUMIF(RECEPTURA_ORYGINALNA!$I$12:$I$51,P39,RECEPTURA_ORYGINALNA!$E$12:$E$51),0)) | G39: =IF(C39="","",N(F39)-N(E39)) | H39: =IF(C39="","",IF(N(E39)=0,IF(N(F39)>0,"",0),IFERROR((N(F39)-N(E39))/N(E39),0))) | I39: =IF(C39="","",IF(MasaOryg=0,"",N(E39)/MasaOryg)) | J39: =IF(C39="","",IF(MasaWlasna=0,"",N(F39)/MasaWlasna)) | K39: =IF(C39="","",IF(AND(N(E39)>0,N(F39)=0),"USUNIĘTO",IF(AND(N(E39)=0,N(F39)>0),"DODANO",IF(N(F39)>N(E39),"ZWIĘKSZONO",IF(N(F39)<N(E39),"ZMNIEJSZONO","BEZ ZMIAN"))))) | M39: =IF(C39="","",IFERROR(N(F39)*MasaDocelowa/MasaWlasna,0)) | N39: =IF(C39="","",IF(COUNTIF($P$12:$P$51,P39)>1,"DUPLIKAT","OK")) | O39: =IF(C39="","",IF(B39="","BRAK SYSTEMU",IF(ISERROR(VLOOKUP(P39,PigmentyKlucz,1,FALSE)),"BRAK W BAZIE","OK"))) | P39: =IF(C39="","",B39&"|"&IF(ISNUMBER(FIND(" | ",C39)),TRIM(LEFT(C39,FIND(" | ",C39)-1)),C39))
A40: =IF(C40="","",29) | D40: =IF(C40="","",IFERROR(VLOOKUP(P40,PigmentyKlucz,4,FALSE),"BRAK W BAZIE")) | E40: =IF(C40="","",IFERROR(SUMIF(RECEPTURA_ORYGINALNA!$I$12:$I$51,P40,RECEPTURA_ORYGINALNA!$E$12:$E$51),0)) | G40: =IF(C40="","",N(F40)-N(E40)) | H40: =IF(C40="","",IF(N(E40)=0,IF(N(F40)>0,"",0),IFERROR((N(F40)-N(E40))/N(E40),0))) | I40: =IF(C40="","",IF(MasaOryg=0,"",N(E40)/MasaOryg)) | J40: =IF(C40="","",IF(MasaWlasna=0,"",N(F40)/MasaWlasna)) | K40: =IF(C40="","",IF(AND(N(E40)>0,N(F40)=0),"USUNIĘTO",IF(AND(N(E40)=0,N(F40)>0),"DODANO",IF(N(F40)>N(E40),"ZWIĘKSZONO",IF(N(F40)<N(E40),"ZMNIEJSZONO","BEZ ZMIAN"))))) | M40: =IF(C40="","",IFERROR(N(F40)*MasaDocelowa/MasaWlasna,0)) | N40: =IF(C40="","",IF(COUNTIF($P$12:$P$51,P40)>1,"DUPLIKAT","OK")) | O40: =IF(C40="","",IF(B40="","BRAK SYSTEMU",IF(ISERROR(VLOOKUP(P40,PigmentyKlucz,1,FALSE)),"BRAK W BAZIE","OK"))) | P40: =IF(C40="","",B40&"|"&IF(ISNUMBER(FIND(" | ",C40)),TRIM(LEFT(C40,FIND(" | ",C40)-1)),C40))
A41: =IF(C41="","",30) | D41: =IF(C41="","",IFERROR(VLOOKUP(P41,PigmentyKlucz,4,FALSE),"BRAK W BAZIE")) | E41: =IF(C41="","",IFERROR(SUMIF(RECEPTURA_ORYGINALNA!$I$12:$I$51,P41,RECEPTURA_ORYGINALNA!$E$12:$E$51),0)) | G41: =IF(C41="","",N(F41)-N(E41)) | H41: =IF(C41="","",IF(N(E41)=0,IF(N(F41)>0,"",0),IFERROR((N(F41)-N(E41))/N(E41),0))) | I41: =IF(C41="","",IF(MasaOryg=0,"",N(E41)/MasaOryg)) | J41: =IF(C41="","",IF(MasaWlasna=0,"",N(F41)/MasaWlasna)) | K41: =IF(C41="","",IF(AND(N(E41)>0,N(F41)=0),"USUNIĘTO",IF(AND(N(E41)=0,N(F41)>0),"DODANO",IF(N(F41)>N(E41),"ZWIĘKSZONO",IF(N(F41)<N(E41),"ZMNIEJSZONO","BEZ ZMIAN"))))) | M41: =IF(C41="","",IFERROR(N(F41)*MasaDocelowa/MasaWlasna,0)) | N41: =IF(C41="","",IF(COUNTIF($P$12:$P$51,P41)>1,"DUPLIKAT","OK")) | O41: =IF(C41="","",IF(B41="","BRAK SYSTEMU",IF(ISERROR(VLOOKUP(P41,PigmentyKlucz,1,FALSE)),"BRAK W BAZIE","OK"))) | P41: =IF(C41="","",B41&"|"&IF(ISNUMBER(FIND(" | ",C41)),TRIM(LEFT(C41,FIND(" | ",C41)-1)),C41))
A42: =IF(C42="","",31) | D42: =IF(C42="","",IFERROR(VLOOKUP(P42,PigmentyKlucz,4,FALSE),"BRAK W BAZIE")) | E42: =IF(C42="","",IFERROR(SUMIF(RECEPTURA_ORYGINALNA!$I$12:$I$51,P42,RECEPTURA_ORYGINALNA!$E$12:$E$51),0)) | G42: =IF(C42="","",N(F42)-N(E42)) | H42: =IF(C42="","",IF(N(E42)=0,IF(N(F42)>0,"",0),IFERROR((N(F42)-N(E42))/N(E42),0))) | I42: =IF(C42="","",IF(MasaOryg=0,"",N(E42)/MasaOryg)) | J42: =IF(C42="","",IF(MasaWlasna=0,"",N(F42)/MasaWlasna)) | K42: =IF(C42="","",IF(AND(N(E42)>0,N(F42)=0),"USUNIĘTO",IF(AND(N(E42)=0,N(F42)>0),"DODANO",IF(N(F42)>N(E42),"ZWIĘKSZONO",IF(N(F42)<N(E42),"ZMNIEJSZONO","BEZ ZMIAN"))))) | M42: =IF(C42="","",IFERROR(N(F42)*MasaDocelowa/MasaWlasna,0)) | N42: =IF(C42="","",IF(COUNTIF($P$12:$P$51,P42)>1,"DUPLIKAT","OK")) | O42: =IF(C42="","",IF(B42="","BRAK SYSTEMU",IF(ISERROR(VLOOKUP(P42,PigmentyKlucz,1,FALSE)),"BRAK W BAZIE","OK"))) | P42: =IF(C42="","",B42&"|"&IF(ISNUMBER(FIND(" | ",C42)),TRIM(LEFT(C42,FIND(" | ",C42)-1)),C42))
A43: =IF(C43="","",32) | D43: =IF(C43="","",IFERROR(VLOOKUP(P43,PigmentyKlucz,4,FALSE),"BRAK W BAZIE")) | E43: =IF(C43="","",IFERROR(SUMIF(RECEPTURA_ORYGINALNA!$I$12:$I$51,P43,RECEPTURA_ORYGINALNA!$E$12:$E$51),0)) | G43: =IF(C43="","",N(F43)-N(E43)) | H43: =IF(C43="","",IF(N(E43)=0,IF(N(F43)>0,"",0),IFERROR((N(F43)-N(E43))/N(E43),0))) | I43: =IF(C43="","",IF(MasaOryg=0,"",N(E43)/MasaOryg)) | J43: =IF(C43="","",IF(MasaWlasna=0,"",N(F43)/MasaWlasna)) | K43: =IF(C43="","",IF(AND(N(E43)>0,N(F43)=0),"USUNIĘTO",IF(AND(N(E43)=0,N(F43)>0),"DODANO",IF(N(F43)>N(E43),"ZWIĘKSZONO",IF(N(F43)<N(E43),"ZMNIEJSZONO","BEZ ZMIAN"))))) | M43: =IF(C43="","",IFERROR(N(F43)*MasaDocelowa/MasaWlasna,0)) | N43: =IF(C43="","",IF(COUNTIF($P$12:$P$51,P43)>1,"DUPLIKAT","OK")) | O43: =IF(C43="","",IF(B43="","BRAK SYSTEMU",IF(ISERROR(VLOOKUP(P43,PigmentyKlucz,1,FALSE)),"BRAK W BAZIE","OK"))) | P43: =IF(C43="","",B43&"|"&IF(ISNUMBER(FIND(" | ",C43)),TRIM(LEFT(C43,FIND(" | ",C43)-1)),C43))
A44: =IF(C44="","",33) | D44: =IF(C44="","",IFERROR(VLOOKUP(P44,PigmentyKlucz,4,FALSE),"BRAK W BAZIE")) | E44: =IF(C44="","",IFERROR(SUMIF(RECEPTURA_ORYGINALNA!$I$12:$I$51,P44,RECEPTURA_ORYGINALNA!$E$12:$E$51),0)) | G44: =IF(C44="","",N(F44)-N(E44)) | H44: =IF(C44="","",IF(N(E44)=0,IF(N(F44)>0,"",0),IFERROR((N(F44)-N(E44))/N(E44),0))) | I44: =IF(C44="","",IF(MasaOryg=0,"",N(E44)/MasaOryg)) | J44: =IF(C44="","",IF(MasaWlasna=0,"",N(F44)/MasaWlasna)) | K44: =IF(C44="","",IF(AND(N(E44)>0,N(F44)=0),"USUNIĘTO",IF(AND(N(E44)=0,N(F44)>0),"DODANO",IF(N(F44)>N(E44),"ZWIĘKSZONO",IF(N(F44)<N(E44),"ZMNIEJSZONO","BEZ ZMIAN"))))) | M44: =IF(C44="","",IFERROR(N(F44)*MasaDocelowa/MasaWlasna,0)) | N44: =IF(C44="","",IF(COUNTIF($P$12:$P$51,P44)>1,"DUPLIKAT","OK")) | O44: =IF(C44="","",IF(B44="","BRAK SYSTEMU",IF(ISERROR(VLOOKUP(P44,PigmentyKlucz,1,FALSE)),"BRAK W BAZIE","OK"))) | P44: =IF(C44="","",B44&"|"&IF(ISNUMBER(FIND(" | ",C44)),TRIM(LEFT(C44,FIND(" | ",C44)-1)),C44))
A45: =IF(C45="","",34) | D45: =IF(C45="","",IFERROR(VLOOKUP(P45,PigmentyKlucz,4,FALSE),"BRAK W BAZIE")) | E45: =IF(C45="","",IFERROR(SUMIF(RECEPTURA_ORYGINALNA!$I$12:$I$51,P45,RECEPTURA_ORYGINALNA!$E$12:$E$51),0)) | G45: =IF(C45="","",N(F45)-N(E45)) | H45: =IF(C45="","",IF(N(E45)=0,IF(N(F45)>0,"",0),IFERROR((N(F45)-N(E45))/N(E45),0))) | I45: =IF(C45="","",IF(MasaOryg=0,"",N(E45)/MasaOryg)) | J45: =IF(C45="","",IF(MasaWlasna=0,"",N(F45)/MasaWlasna)) | K45: =IF(C45="","",IF(AND(N(E45)>0,N(F45)=0),"USUNIĘTO",IF(AND(N(E45)=0,N(F45)>0),"DODANO",IF(N(F45)>N(E45),"ZWIĘKSZONO",IF(N(F45)<N(E45),"ZMNIEJSZONO","BEZ ZMIAN"))))) | M45: =IF(C45="","",IFERROR(N(F45)*MasaDocelowa/MasaWlasna,0)) | N45: =IF(C45="","",IF(COUNTIF($P$12:$P$51,P45)>1,"DUPLIKAT","OK")) | O45: =IF(C45="","",IF(B45="","BRAK SYSTEMU",IF(ISERROR(VLOOKUP(P45,PigmentyKlucz,1,FALSE)),"BRAK W BAZIE","OK"))) | P45: =IF(C45="","",B45&"|"&IF(ISNUMBER(FIND(" | ",C45)),TRIM(LEFT(C45,FIND(" | ",C45)-1)),C45))
A46: =IF(C46="","",35) | D46: =IF(C46="","",IFERROR(VLOOKUP(P46,PigmentyKlucz,4,FALSE),"BRAK W BAZIE")) | E46: =IF(C46="","",IFERROR(SUMIF(RECEPTURA_ORYGINALNA!$I$12:$I$51,P46,RECEPTURA_ORYGINALNA!$E$12:$E$51),0)) | G46: =IF(C46="","",N(F46)-N(E46)) | H46: =IF(C46="","",IF(N(E46)=0,IF(N(F46)>0,"",0),IFERROR((N(F46)-N(E46))/N(E46),0))) | I46: =IF(C46="","",IF(MasaOryg=0,"",N(E46)/MasaOryg)) | J46: =IF(C46="","",IF(MasaWlasna=0,"",N(F46)/MasaWlasna)) | K46: =IF(C46="","",IF(AND(N(E46)>0,N(F46)=0),"USUNIĘTO",IF(AND(N(E46)=0,N(F46)>0),"DODANO",IF(N(F46)>N(E46),"ZWIĘKSZONO",IF(N(F46)<N(E46),"ZMNIEJSZONO","BEZ ZMIAN"))))) | M46: =IF(C46="","",IFERROR(N(F46)*MasaDocelowa/MasaWlasna,0)) | N46: =IF(C46="","",IF(COUNTIF($P$12:$P$51,P46)>1,"DUPLIKAT","OK")) | O46: =IF(C46="","",IF(B46="","BRAK SYSTEMU",IF(ISERROR(VLOOKUP(P46,PigmentyKlucz,1,FALSE)),"BRAK W BAZIE","OK"))) | P46: =IF(C46="","",B46&"|"&IF(ISNUMBER(FIND(" | ",C46)),TRIM(LEFT(C46,FIND(" | ",C46)-1)),C46))
A47: =IF(C47="","",36) | D47: =IF(C47="","",IFERROR(VLOOKUP(P47,PigmentyKlucz,4,FALSE),"BRAK W BAZIE")) | E47: =IF(C47="","",IFERROR(SUMIF(RECEPTURA_ORYGINALNA!$I$12:$I$51,P47,RECEPTURA_ORYGINALNA!$E$12:$E$51),0)) | G47: =IF(C47="","",N(F47)-N(E47)) | H47: =IF(C47="","",IF(N(E47)=0,IF(N(F47)>0,"",0),IFERROR((N(F47)-N(E47))/N(E47),0))) | I47: =IF(C47="","",IF(MasaOryg=0,"",N(E47)/MasaOryg)) | J47: =IF(C47="","",IF(MasaWlasna=0,"",N(F47)/MasaWlasna)) | K47: =IF(C47="","",IF(AND(N(E47)>0,N(F47)=0),"USUNIĘTO",IF(AND(N(E47)=0,N(F47)>0),"DODANO",IF(N(F47)>N(E47),"ZWIĘKSZONO",IF(N(F47)<N(E47),"ZMNIEJSZONO","BEZ ZMIAN"))))) | M47: =IF(C47="","",IFERROR(N(F47)*MasaDocelowa/MasaWlasna,0)) | N47: =IF(C47="","",IF(COUNTIF($P$12:$P$51,P47)>1,"DUPLIKAT","OK")) | O47: =IF(C47="","",IF(B47="","BRAK SYSTEMU",IF(ISERROR(VLOOKUP(P47,PigmentyKlucz,1,FALSE)),"BRAK W BAZIE","OK"))) | P47: =IF(C47="","",B47&"|"&IF(ISNUMBER(FIND(" | ",C47)),TRIM(LEFT(C47,FIND(" | ",C47)-1)),C47))
A48: =IF(C48="","",37) | D48: =IF(C48="","",IFERROR(VLOOKUP(P48,PigmentyKlucz,4,FALSE),"BRAK W BAZIE")) | E48: =IF(C48="","",IFERROR(SUMIF(RECEPTURA_ORYGINALNA!$I$12:$I$51,P48,RECEPTURA_ORYGINALNA!$E$12:$E$51),0)) | G48: =IF(C48="","",N(F48)-N(E48)) | H48: =IF(C48="","",IF(N(E48)=0,IF(N(F48)>0,"",0),IFERROR((N(F48)-N(E48))/N(E48),0))) | I48: =IF(C48="","",IF(MasaOryg=0,"",N(E48)/MasaOryg)) | J48: =IF(C48="","",IF(MasaWlasna=0,"",N(F48)/MasaWlasna)) | K48: =IF(C48="","",IF(AND(N(E48)>0,N(F48)=0),"USUNIĘTO",IF(AND(N(E48)=0,N(F48)>0),"DODANO",IF(N(F48)>N(E48),"ZWIĘKSZONO",IF(N(F48)<N(E48),"ZMNIEJSZONO","BEZ ZMIAN"))))) | M48: =IF(C48="","",IFERROR(N(F48)*MasaDocelowa/MasaWlasna,0)) | N48: =IF(C48="","",IF(COUNTIF($P$12:$P$51,P48)>1,"DUPLIKAT","OK")) | O48: =IF(C48="","",IF(B48="","BRAK SYSTEMU",IF(ISERROR(VLOOKUP(P48,PigmentyKlucz,1,FALSE)),"BRAK W BAZIE","OK"))) | P48: =IF(C48="","",B48&"|"&IF(ISNUMBER(FIND(" | ",C48)),TRIM(LEFT(C48,FIND(" | ",C48)-1)),C48))
A49: =IF(C49="","",38) | D49: =IF(C49="","",IFERROR(VLOOKUP(P49,PigmentyKlucz,4,FALSE),"BRAK W BAZIE")) | E49: =IF(C49="","",IFERROR(SUMIF(RECEPTURA_ORYGINALNA!$I$12:$I$51,P49,RECEPTURA_ORYGINALNA!$E$12:$E$51),0)) | G49: =IF(C49="","",N(F49)-N(E49)) | H49: =IF(C49="","",IF(N(E49)=0,IF(N(F49)>0,"",0),IFERROR((N(F49)-N(E49))/N(E49),0))) | I49: =IF(C49="","",IF(MasaOryg=0,"",N(E49)/MasaOryg)) | J49: =IF(C49="","",IF(MasaWlasna=0,"",N(F49)/MasaWlasna)) | K49: =IF(C49="","",IF(AND(N(E49)>0,N(F49)=0),"USUNIĘTO",IF(AND(N(E49)=0,N(F49)>0),"DODANO",IF(N(F49)>N(E49),"ZWIĘKSZONO",IF(N(F49)<N(E49),"ZMNIEJSZONO","BEZ ZMIAN"))))) | M49: =IF(C49="","",IFERROR(N(F49)*MasaDocelowa/MasaWlasna,0)) | N49: =IF(C49="","",IF(COUNTIF($P$12:$P$51,P49)>1,"DUPLIKAT","OK")) | O49: =IF(C49="","",IF(B49="","BRAK SYSTEMU",IF(ISERROR(VLOOKUP(P49,PigmentyKlucz,1,FALSE)),"BRAK W BAZIE","OK"))) | P49: =IF(C49="","",B49&"|"&IF(ISNUMBER(FIND(" | ",C49)),TRIM(LEFT(C49,FIND(" | ",C49)-1)),C49))
A50: =IF(C50="","",39) | D50: =IF(C50="","",IFERROR(VLOOKUP(P50,PigmentyKlucz,4,FALSE),"BRAK W BAZIE")) | E50: =IF(C50="","",IFERROR(SUMIF(RECEPTURA_ORYGINALNA!$I$12:$I$51,P50,RECEPTURA_ORYGINALNA!$E$12:$E$51),0)) | G50: =IF(C50="","",N(F50)-N(E50)) | H50: =IF(C50="","",IF(N(E50)=0,IF(N(F50)>0,"",0),IFERROR((N(F50)-N(E50))/N(E50),0))) | I50: =IF(C50="","",IF(MasaOryg=0,"",N(E50)/MasaOryg)) | J50: =IF(C50="","",IF(MasaWlasna=0,"",N(F50)/MasaWlasna)) | K50: =IF(C50="","",IF(AND(N(E50)>0,N(F50)=0),"USUNIĘTO",IF(AND(N(E50)=0,N(F50)>0),"DODANO",IF(N(F50)>N(E50),"ZWIĘKSZONO",IF(N(F50)<N(E50),"ZMNIEJSZONO","BEZ ZMIAN"))))) | M50: =IF(C50="","",IFERROR(N(F50)*MasaDocelowa/MasaWlasna,0)) | N50: =IF(C50="","",IF(COUNTIF($P$12:$P$51,P50)>1,"DUPLIKAT","OK")) | O50: =IF(C50="","",IF(B50="","BRAK SYSTEMU",IF(ISERROR(VLOOKUP(P50,PigmentyKlucz,1,FALSE)),"BRAK W BAZIE","OK"))) | P50: =IF(C50="","",B50&"|"&IF(ISNUMBER(FIND(" | ",C50)),TRIM(LEFT(C50,FIND(" | ",C50)-1)),C50))
A51: =IF(C51="","",40) | D51: =IF(C51="","",IFERROR(VLOOKUP(P51,PigmentyKlucz,4,FALSE),"BRAK W BAZIE")) | E51: =IF(C51="","",IFERROR(SUMIF(RECEPTURA_ORYGINALNA!$I$12:$I$51,P51,RECEPTURA_ORYGINALNA!$E$12:$E$51),0)) | G51: =IF(C51="","",N(F51)-N(E51)) | H51: =IF(C51="","",IF(N(E51)=0,IF(N(F51)>0,"",0),IFERROR((N(F51)-N(E51))/N(E51),0))) | I51: =IF(C51="","",IF(MasaOryg=0,"",N(E51)/MasaOryg)) | J51: =IF(C51="","",IF(MasaWlasna=0,"",N(F51)/MasaWlasna)) | K51: =IF(C51="","",IF(AND(N(E51)>0,N(F51)=0),"USUNIĘTO",IF(AND(N(E51)=0,N(F51)>0),"DODANO",IF(N(F51)>N(E51),"ZWIĘKSZONO",IF(N(F51)<N(E51),"ZMNIEJSZONO","BEZ ZMIAN"))))) | M51: =IF(C51="","",IFERROR(N(F51)*MasaDocelowa/MasaWlasna,0)) | N51: =IF(C51="","",IF(COUNTIF($P$12:$P$51,P51)>1,"DUPLIKAT","OK")) | O51: =IF(C51="","",IF(B51="","BRAK SYSTEMU",IF(ISERROR(VLOOKUP(P51,PigmentyKlucz,1,FALSE)),"BRAK W BAZIE","OK"))) | P51: =IF(C51="","",B51&"|"&IF(ISNUMBER(FIND(" | ",C51)),TRIM(LEFT(C51,FIND(" | ",C51)-1)),C51))

Sheet ANALIZA
A1: ANALIZA ZMIAN
A2: KPI i wykresy odświeżają się po przeliczeniu formuł (F9 / LibreOffice: Dane → Przelicz).
A3: Nazwa | C3: =Meta_Nazwa | E3: Numer | F3: =Meta_Numer | H3: System | I3: =Meta_System
A4: Wersja | C4: =Meta_Wersja | E4: Data | F4: =Meta_Data | H4: Status % | I4: =StatusUdzialow
A6: Wskaźniki
A7: Masa oryginalna (g) | B7: =MasaOryg
A8: Masa własna (g) | B8: =MasaWlasna
A9: Różnica masy (g) | B9: =MasaWlasna-MasaOryg
A10: Liczba pigmentów (własna) | B10: =COUNTIF(RECEPTURA_WLASNA!C12:C51,"<>")
A11: Dodane | B11: =COUNTIF(RECEPTURA_WLASNA!K12:K51,"DODANO")
A12: Usunięte | B12: =COUNTIF(RECEPTURA_WLASNA!K12:K51,"USUNIĘTO")
A13: Zwiększone | B13: =COUNTIF(RECEPTURA_WLASNA!K12:K51,"ZWIĘKSZONO")
A14: Zmniejszone | B14: =COUNTIF(RECEPTURA_WLASNA!K12:K51,"ZMNIEJSZONO")
A15: Bez zmian | B15: =COUNTIF(RECEPTURA_WLASNA!K12:K51,"BEZ ZMIAN")
A16: Największa zmiana % | B16: =IFERROR(MAX(DANE_WYKRESOW!G9:G48),0)
A17: Suma % własna | B17: =IFERROR(SUM(RECEPTURA_WLASNA!J12:J51),0)
A18: Suma % oryginał | B18: =IFERROR(SUM(RECEPTURA_ORYGINALNA!G12:G51),0)

Sheet RAPORT
A1: RAPORT RECEPTURY
A2: Arkusz do wydruku. Ustawienia: A4, poziomo, dopasuj do szerokości.
A4: INFORMACJE
A5: Nazwa | B5: =Meta_Nazwa | C5: Kod koloru | D5: =Meta_Kod | E5: System bazowy | F5: =Meta_System
A6: Numer | B6: =Meta_Numer | C6: Wersja | D6: =Meta_Wersja | E6: Data | F6: =Meta_Data
A7: Producent | B7: =Meta_Producent | C7: Autor | D7: =Meta_Autor | E7: Masa docelowa (g) | F7: =MasaDocelowa
A8: Uwagi | B8: =Meta_Uwagi
A10: SKŁAD (RECEPTURA WŁASNA — ILOŚĆ DO ZWAŻENIA)
A11: LP | B11: SYSTEM | C11: PIGMENT | D11: NAZWA | E11: ILOŚĆ (g) | F11: % | G11: STATUS | H11: JEDN.
A12: =IF(RECEPTURA_WLASNA!C12="","",RECEPTURA_WLASNA!A12) | B12: =IF(RECEPTURA_WLASNA!C12="","",RECEPTURA_WLASNA!B12) | C12: =IF(RECEPTURA_WLASNA!C12="","",RECEPTURA_WLASNA!C12) | D12: =IF(RECEPTURA_WLASNA!C12="","",RECEPTURA_WLASNA!D12) | E12: =IF(RECEPTURA_WLASNA!C12="","",RECEPTURA_WLASNA!M12) | F12: =IF(RECEPTURA_WLASNA!C12="","",RECEPTURA_WLASNA!J12) | G12: =IF(RECEPTURA_WLASNA!C12="","",RECEPTURA_WLASNA!K12) | H12: =IF(RECEPTURA_WLASNA!C12="","",Ust_Jednostka)
A13: =IF(RECEPTURA_WLASNA!C13="","",RECEPTURA_WLASNA!A13) | B13: =IF(RECEPTURA_WLASNA!C13="","",RECEPTURA_WLASNA!B13) | C13: =IF(RECEPTURA_WLASNA!C13="","",RECEPTURA_WLASNA!C13) | D13: =IF(RECEPTURA_WLASNA!C13="","",RECEPTURA_WLASNA!D13) | E13: =IF(RECEPTURA_WLASNA!C13="","",RECEPTURA_WLASNA!M13) | F13: =IF(RECEPTURA_WLASNA!C13="","",RECEPTURA_WLASNA!J13) | G13: =IF(RECEPTURA_WLASNA!C13="","",RECEPTURA_WLASNA!K13) | H13: =IF(RECEPTURA_WLASNA!C13="","",Ust_Jednostka)
A14: =IF(RECEPTURA_WLASNA!C14="","",RECEPTURA_WLASNA!A14) | B14: =IF(RECEPTURA_WLASNA!C14="","",RECEPTURA_WLASNA!B14) | C14: =IF(RECEPTURA_WLASNA!C14="","",RECEPTURA_WLASNA!C14) | D14: =IF(RECEPTURA_WLASNA!C14="","",RECEPTURA_WLASNA!D14) | E14: =IF(RECEPTURA_WLASNA!C14="","",RECEPTURA_WLASNA!M14) | F14: =IF(RECEPTURA_WLASNA!C14="","",RECEPTURA_WLASNA!J14) | G14: =IF(RECEPTURA_WLASNA!C14="","",RECEPTURA_WLASNA!K14) | H14: =IF(RECEPTURA_WLASNA!C14="","",Ust_Jednostka)
A15: =IF(RECEPTURA_WLASNA!C15="","",RECEPTURA_WLASNA!A15) | B15: =IF(RECEPTURA_WLASNA!C15="","",RECEPTURA_WLASNA!B15) | C15: =IF(RECEPTURA_WLASNA!C15="","",RECEPTURA_WLASNA!C15) | D15: =IF(RECEPTURA_WLASNA!C15="","",RECEPTURA_WLASNA!D15) | E15: =IF(RECEPTURA_WLASNA!C15="","",RECEPTURA_WLASNA!M15) | F15: =IF(RECEPTURA_WLASNA!C15="","",RECEPTURA_WLASNA!J15) | G15: =IF(RECEPTURA_WLASNA!C15="","",RECEPTURA_WLASNA!K15) | H15: =IF(RECEPTURA_WLASNA!C15="","",Ust_Jednostka)
A16: =IF(RECEPTURA_WLASNA!C16="","",RECEPTURA_WLASNA!A16) | B16: =IF(RECEPTURA_WLASNA!C16="","",RECEPTURA_WLASNA!B16) | C16: =IF(RECEPTURA_WLASNA!C16="","",RECEPTURA_WLASNA!C16) | D16: =IF(RECEPTURA_WLASNA!C16="","",RECEPTURA_WLASNA!D16) | E16: =IF(RECEPTURA_WLASNA!C16="","",RECEPTURA_WLASNA!M16) | F16: =IF(RECEPTURA_WLASNA!C16="","",RECEPTURA_WLASNA!J16) | G16: =IF(RECEPTURA_WLASNA!C16="","",RECEPTURA_WLASNA!K16) | H16: =IF(RECEPTURA_WLASNA!C16="","",Ust_Jednostka)
A17: =IF(RECEPTURA_WLASNA!C17="","",RECEPTURA_WLASNA!A17) | B17: =IF(RECEPTURA_WLASNA!C17="","",RECEPTURA_WLASNA!B17) | C17: =IF(RECEPTURA_WLASNA!C17="","",RECEPTURA_WLASNA!C17) | D17: =IF(RECEPTURA_WLASNA!C17="","",RECEPTURA_WLASNA!D17) | E17: =IF(RECEPTURA_WLASNA!C17="","",RECEPTURA_WLASNA!M17) | F17: =IF(RECEPTURA_WLASNA!C17="","",RECEPTURA_WLASNA!J17) | G17: =IF(RECEPTURA_WLASNA!C17="","",RECEPTURA_WLASNA!K17) | H17: =IF(RECEPTURA_WLASNA!C17="","",Ust_Jednostka)
A18: =IF(RECEPTURA_WLASNA!C18="","",RECEPTURA_WLASNA!A18) | B18: =IF(RECEPTURA_WLASNA!C18="","",RECEPTURA_WLASNA!B18) | C18: =IF(RECEPTURA_WLASNA!C18="","",RECEPTURA_WLASNA!C18) | D18: =IF(RECEPTURA_WLASNA!C18="","",RECEPTURA_WLASNA!D18) | E18: =IF(RECEPTURA_WLASNA!C18="","",RECEPTURA_WLASNA!M18) | F18: =IF(RECEPTURA_WLASNA!C18="","",RECEPTURA_WLASNA!J18) | G18: =IF(RECEPTURA_WLASNA!C18="","",RECEPTURA_WLASNA!K18) | H18: =IF(RECEPTURA_WLASNA!C18="","",Ust_Jednostka)
A19: =IF(RECEPTURA_WLASNA!C19="","",RECEPTURA_WLASNA!A19) | B19: =IF(RECEPTURA_WLASNA!C19="","",RECEPTURA_WLASNA!B19) | C19: =IF(RECEPTURA_WLASNA!C19="","",RECEPTURA_WLASNA!C19) | D19: =IF(RECEPTURA_WLASNA!C19="","",RECEPTURA_WLASNA!D19) | E19: =IF(RECEPTURA_WLASNA!C19="","",RECEPTURA_WLASNA!M19) | F19: =IF(RECEPTURA_WLASNA!C19="","",RECEPTURA_WLASNA!J19) | G19: =IF(RECEPTURA_WLASNA!C19="","",RECEPTURA_WLASNA!K19) | H19: =IF(RECEPTURA_WLASNA!C19="","",Ust_Jednostka)
A20: =IF(RECEPTURA_WLASNA!C20="","",RECEPTURA_WLASNA!A20) | B20: =IF(RECEPTURA_WLASNA!C20="","",RECEPTURA_WLASNA!B20) | C20: =IF(RECEPTURA_WLASNA!C20="","",RECEPTURA_WLASNA!C20) | D20: =IF(RECEPTURA_WLASNA!C20="","",RECEPTURA_WLASNA!D20) | E20: =IF(RECEPTURA_WLASNA!C20="","",RECEPTURA_WLASNA!M20) | F20: =IF(RECEPTURA_WLASNA!C20="","",RECEPTURA_WLASNA!J20) | G20: =IF(RECEPTURA_WLASNA!C20="","",RECEPTURA_WLASNA!K20) | H20: =IF(RECEPTURA_WLASNA!C20="","",Ust_Jednostka)
A21: =IF(RECEPTURA_WLASNA!C21="","",RECEPTURA_WLASNA!A21) | B21: =IF(RECEPTURA_WLASNA!C21="","",RECEPTURA_WLASNA!B21) | C21: =IF(RECEPTURA_WLASNA!C21="","",RECEPTURA_WLASNA!C21) | D21: =IF(RECEPTURA_WLASNA!C21="","",RECEPTURA_WLASNA!D21) | E21: =IF(RECEPTURA_WLASNA!C21="","",RECEPTURA_WLASNA!M21) | F21: =IF(RECEPTURA_WLASNA!C21="","",RECEPTURA_WLASNA!J21) | G21: =IF(RECEPTURA_WLASNA!C21="","",RECEPTURA_WLASNA!K21) | H21: =IF(RECEPTURA_WLASNA!C21="","",Ust_Jednostka)
A22: =IF(RECEPTURA_WLASNA!C22="","",RECEPTURA_WLASNA!A22) | B22: =IF(RECEPTURA_WLASNA!C22="","",RECEPTURA_WLASNA!B22) | C22: =IF(RECEPTURA_WLASNA!C22="","",RECEPTURA_WLASNA!C22) | D22: =IF(RECEPTURA_WLASNA!C22="","",RECEPTURA_WLASNA!D22) | E22: =IF(RECEPTURA_WLASNA!C22="","",RECEPTURA_WLASNA!M22) | F22: =IF(RECEPTURA_WLASNA!C22="","",RECEPTURA_WLASNA!J22) | G22: =IF(RECEPTURA_WLASNA!C22="","",RECEPTURA_WLASNA!K22) | H22: =IF(RECEPTURA_WLASNA!C22="","",Ust_Jednostka)
A23: =IF(RECEPTURA_WLASNA!C23="","",RECEPTURA_WLASNA!A23) | B23: =IF(RECEPTURA_WLASNA!C23="","",RECEPTURA_WLASNA!B23) | C23: =IF(RECEPTURA_WLASNA!C23="","",RECEPTURA_WLASNA!C23) | D23: =IF(RECEPTURA_WLASNA!C23="","",RECEPTURA_WLASNA!D23) | E23: =IF(RECEPTURA_WLASNA!C23="","",RECEPTURA_WLASNA!M23) | F23: =IF(RECEPTURA_WLASNA!C23="","",RECEPTURA_WLASNA!J23) | G23: =IF(RECEPTURA_WLASNA!C23="","",RECEPTURA_WLASNA!K23) | H23: =IF(RECEPTURA_WLASNA!C23="","",Ust_Jednostka)
... A51: =IF(RECEPTURA_WLASNA!C51="","",RECEPTURA_WLASNA!A51) | B51: =IF(RECEPTURA_WLASNA!C51="","",RECEPTURA_WLASNA!B51) | C51: =IF(RECEPTURA_WLASNA!C51="","",RECEPTURA_WLASNA!C51) | D51: =IF(RECEPTURA_WLASNA!C51="","",RECEPTURA_WLASNA!D51) | E51: =IF(RECEPTURA_WLASNA!C51="","",RECEPTURA_WLASNA!M51) | F51: =IF(RECEPTURA_WLASNA!C51="","",RECEPTURA_WLASNA!J51) | G51: =IF(RECEPTURA_WLASNA!C51="","",RECEPTURA_WLASNA!K51) | H51: =IF(RECEPTURA_WLASNA!C51="","",Ust_Jednostka)
A53: ZMIANY WZGLĘDEM ORYGINAŁU
A54: LP | B54: PIGMENT | C54: SYSTEM | D54: ORYGINAŁ | E54: WŁASNA | F54: RÓŻNICA | G54: ZMIANA % | H54: STATUS
A55: =IF(RECEPTURA_WLASNA!C12="","",RECEPTURA_WLASNA!A12) | B55: =IF(RECEPTURA_WLASNA!C12="","",RECEPTURA_WLASNA!C12) | C55: =IF(RECEPTURA_WLASNA!C12="","",RECEPTURA_WLASNA!B12) | D55: =IF(RECEPTURA_WLASNA!C12="","",RECEPTURA_WLASNA!E12) | E55: =IF(RECEPTURA_WLASNA!C12="","",RECEPTURA_WLASNA!F12) | F55: =IF(RECEPTURA_WLASNA!C12="","",RECEPTURA_WLASNA!G12) | G55: =IF(RECEPTURA_WLASNA!C12="","",RECEPTURA_WLASNA!H12) | H55: =IF(RECEPTURA_WLASNA!C12="","",RECEPTURA_WLASNA!K12)
A56: =IF(RECEPTURA_WLASNA!C13="","",RECEPTURA_WLASNA!A13) | B56: =IF(RECEPTURA_WLASNA!C13="","",RECEPTURA_WLASNA!C13) | C56: =IF(RECEPTURA_WLASNA!C13="","",RECEPTURA_WLASNA!B13) | D56: =IF(RECEPTURA_WLASNA!C13="","",RECEPTURA_WLASNA!E13) | E56: =IF(RECEPTURA_WLASNA!C13="","",RECEPTURA_WLASNA!F13) | F56: =IF(RECEPTURA_WLASNA!C13="","",RECEPTURA_WLASNA!G13) | G56: =IF(RECEPTURA_WLASNA!C13="","",RECEPTURA_WLASNA!H13) | H56: =IF(RECEPTURA_WLASNA!C13="","",RECEPTURA_WLASNA!K13)
A57: =IF(RECEPTURA_WLASNA!C14="","",RECEPTURA_WLASNA!A14) | B57: =IF(RECEPTURA_WLASNA!C14="","",RECEPTURA_WLASNA!C14) | C57: =IF(RECEPTURA_WLASNA!C14="","",RECEPTURA_WLASNA!B14) | D57: =IF(RECEPTURA_WLASNA!C14="","",RECEPTURA_WLASNA!E14) | E57: =IF(RECEPTURA_WLASNA!C14="","",RECEPTURA_WLASNA!F14) | F57: =IF(RECEPTURA_WLASNA!C14="","",RECEPTURA_WLASNA!G14) | G57: =IF(RECEPTURA_WLASNA!C14="","",RECEPTURA_WLASNA!H14) | H57: =IF(RECEPTURA_WLASNA!C14="","",RECEPTURA_WLASNA!K14)
A58: =IF(RECEPTURA_WLASNA!C15="","",RECEPTURA_WLASNA!A15) | B58: =IF(RECEPTURA_WLASNA!C15="","",RECEPTURA_WLASNA!C15) | C58: =IF(RECEPTURA_WLASNA!C15="","",RECEPTURA_WLASNA!B15) | D58: =IF(RECEPTURA_WLASNA!C15="","",RECEPTURA_WLASNA!E15) | E58: =IF(RECEPTURA_WLASNA!C15="","",RECEPTURA_WLASNA!F15) | F58: =IF(RECEPTURA_WLASNA!C15="","",RECEPTURA_WLASNA!G15) | G58: =IF(RECEPTURA_WLASNA!C15="","",RECEPTURA_WLASNA!H15) | H58: =IF(RECEPTURA_WLASNA!C15="","",RECEPTURA_WLASNA!K15)
A59: =IF(RECEPTURA_WLASNA!C16="","",RECEPTURA_WLASNA!A16) | B59: =IF(RECEPTURA_WLASNA!C16="","",RECEPTURA_WLASNA!C16) | C59: =IF(RECEPTURA_WLASNA!C16="","",RECEPTURA_WLASNA!B16) | D59: =IF(RECEPTURA_WLASNA!C16="","",RECEPTURA_WLASNA!E16) | E59: =IF(RECEPTURA_WLASNA!C16="","",RECEPTURA_WLASNA!F16) | F59: =IF(RECEPTURA_WLASNA!C16="","",RECEPTURA_WLASNA!G16) | G59: =IF(RECEPTURA_WLASNA!C16="","",RECEPTURA_WLASNA!H16) | H59: =IF(RECEPTURA_WLASNA!C16="","",RECEPTURA_WLASNA!K16)
A60: =IF(RECEPTURA_WLASNA!C17="","",RECEPTURA_WLASNA!A17) | B60: =IF(RECEPTURA_WLASNA!C17="","",RECEPTURA_WLASNA!C17) | C60: =IF(RECEPTURA_WLASNA!C17="","",RECEPTURA_WLASNA!B17) | D60: =IF(RECEPTURA_WLASNA!C17="","",RECEPTURA_WLASNA!E17) | E60: =IF(RECEPTURA_WLASNA!C17="","",RECEPTURA_WLASNA!F17) | F60: =IF(RECEPTURA_WLASNA!C17="","",RECEPTURA_WLASNA!G17) | G60: =IF(RECEPTURA_WLASNA!C17="","",RECEPTURA_WLASNA!H17) | H60: =IF(RECEPTURA_WLASNA!C17="","",RECEPTURA_WLASNA!K17)
A61: =IF(RECEPTURA_WLASNA!C18="","",RECEPTURA_WLASNA!A18) | B61: =IF(RECEPTURA_WLASNA!C18="","",RECEPTURA_WLASNA!C18) | C61: =IF(RECEPTURA_WLASNA!C18="","",RECEPTURA_WLASNA!B18) | D61: =IF(RECEPTURA_WLASNA!C18="","",RECEPTURA_WLASNA!E18) | E61: =IF(RECEPTURA_WLASNA!C18="","",RECEPTURA_WLASNA!F18) | F61: =IF(RECEPTURA_WLASNA!C18="","",RECEPTURA_WLASNA!G18) | G61: =IF(RECEPTURA_WLASNA!C18="","",RECEPTURA_WLASNA!H18) | H61: =IF(RECEPTURA_WLASNA!C18="","",RECEPTURA_WLASNA!K18)
A62: =IF(RECEPTURA_WLASNA!C19="","",RECEPTURA_WLASNA!A19) | B62: =IF(RECEPTURA_WLASNA!C19="","",RECEPTURA_WLASNA!C19) | C62: =IF(RECEPTURA_WLASNA!C19="","",RECEPTURA_WLASNA!B19) | D62: =IF(RECEPTURA_WLASNA!C19="","",RECEPTURA_WLASNA!E19) | E62: =IF(RECEPTURA_WLASNA!C19="","",RECEPTURA_WLASNA!F19) | F62: =IF(RECEPTURA_WLASNA!C19="","",RECEPTURA_WLASNA!G19) | G62: =IF(RECEPTURA_WLASNA!C19="","",RECEPTURA_WLASNA!H19) | H62: =IF(RECEPTURA_WLASNA!C19="","",RECEPTURA_WLASNA!K19)
A63: =IF(RECEPTURA_WLASNA!C20="","",RECEPTURA_WLASNA!A20) | B63: =IF(RECEPTURA_WLASNA!C20="","",RECEPTURA_WLASNA!C20) | C63: =IF(RECEPTURA_WLASNA!C20="","",RECEPTURA_WLASNA!B20) | D63: =IF(RECEPTURA_WLASNA!C20="","",RECEPTURA_WLASNA!E20) | E63: =IF(RECEPTURA_WLASNA!C20="","",RECEPTURA_WLASNA!F20) | F63: =IF(RECEPTURA_WLASNA!C20="","",RECEPTURA_WLASNA!G20) | G63: =IF(RECEPTURA_WLASNA!C20="","",RECEPTURA_WLASNA!H20) | H63: =IF(RECEPTURA_WLASNA!C20="","",RECEPTURA_WLASNA!K20)
A64: =IF(RECEPTURA_WLASNA!C21="","",RECEPTURA_WLASNA!A21) | B64: =IF(RECEPTURA_WLASNA!C21="","",RECEPTURA_WLASNA!C21) | C64: =IF(RECEPTURA_WLASNA!C21="","",RECEPTURA_WLASNA!B21) | D64: =IF(RECEPTURA_WLASNA!C21="","",RECEPTURA_WLASNA!E21) | E64: =IF(RECEPTURA_WLASNA!C21="","",RECEPTURA_WLASNA!F21) | F64: =IF(RECEPTURA_WLASNA!C21="","",RECEPTURA_WLASNA!G21) | G64: =IF(RECEPTURA_WLASNA!C21="","",RECEPTURA_WLASNA!H21) | H64: =IF(RECEPTURA_WLASNA!C21="","",RECEPTURA_WLASNA!K21)
A65: =IF(RECEPTURA_WLASNA!C22="","",RECEPTURA_WLASNA!A22) | B65: =IF(RECEPTURA_WLASNA!C22="","",RECEPTURA_WLASNA!C22) | C65: =IF(RECEPTURA_WLASNA!C22="","",RECEPTURA_WLASNA!B22) | D65: =IF(RECEPTURA_WLASNA!C22="","",RECEPTURA_WLASNA!E22) | E65: =IF(RECEPTURA_WLASNA!C22="","",RECEPTURA_WLASNA!F22) | F65: =IF(RECEPTURA_WLASNA!C22="","",RECEPTURA_WLASNA!G22) | G65: =IF(RECEPTURA_WLASNA!C22="","",RECEPTURA_WLASNA!H22) | H65: =IF(RECEPTURA_WLASNA!C22="","",RECEPTURA_WLASNA!K22)
A66: =IF(RECEPTURA_WLASNA!C23="","",RECEPTURA_WLASNA!A23) | B66: =IF(RECEPTURA_WLASNA!C23="","",RECEPTURA_WLASNA!C23) | C66: =IF(RECEPTURA_WLASNA!C23="","",RECEPTURA_WLASNA!B23) | D66: =IF(RECEPTURA_WLASNA!C23="","",RECEPTURA_WLASNA!E23) | E66: =IF(RECEPTURA_WLASNA!C23="","",RECEPTURA_WLASNA!F23) | F66: =IF(RECEPTURA_WLASNA!C23="","",RECEPTURA_WLASNA!G23) | G66: =IF(RECEPTURA_WLASNA!C23="","",RECEPTURA_WLASNA!H23) | H66: =IF(RECEPTURA_WLASNA!C23="","",RECEPTURA_WLASNA!K23)
... A94: =IF(RECEPTURA_WLASNA!C51="","",RECEPTURA_WLASNA!A51) | B94: =IF(RECEPTURA_WLASNA!C51="","",RECEPTURA_WLASNA!C51) | C94: =IF(RECEPTURA_WLASNA!C51="","",RECEPTURA_WLASNA!B51) | D94: =IF(RECEPTURA_WLASNA!C51="","",RECEPTURA_WLASNA!E51) | E94: =IF(RECEPTURA_WLASNA!C51="","",RECEPTURA_WLASNA!F51) | F94: =IF(RECEPTURA_WLASNA!C51="","",RECEPTURA_WLASNA!G51) | G94: =IF(RECEPTURA_WLASNA!C51="","",RECEPTURA_WLASNA!H51) | H94: =IF(RECEPTURA_WLASNA!C51="","",RECEPTURA_WLASNA!K51)
A96: PODSUMOWANIE
A97: Masa całkowita oryg. (g) | B97: =MasaOryg
A98: Masa całkowita własna (g) | B98: =MasaWlasna
A99: Liczba pigmentów | B99: =COUNTIF(RECEPTURA_WLASNA!C12:C51,"<>")
A100: Dodane | B100: =COUNTIF(RECEPTURA_WLASNA!K12:K51,"DODANO")
A101: Usunięte | B101: =COUNTIF(RECEPTURA_WLASNA!K12:K51,"USUNIĘTO")
A102: Zwiększone | B102: =COUNTIF(RECEPTURA_WLASNA!K12:K51,"ZWIĘKSZONO")
A103: Zmniejszone | B103: =COUNTIF(RECEPTURA_WLASNA!K12:K51,"ZMNIEJSZONO")
A104: Status udziałów | B104: =StatusUdzialow

Sheet HISTORIA
A1: HISTORIA RECEPTUR
A2: Każda wersja to nowy wiersz. Nie nadpisuj poprzednich. Makro ZapiszWersje dopisuje rekord i pozycje.
A8: ID | B8: DATA | C8: NAZWA RECEPTURY | D8: SYSTEM BAZOWY | E8: WERSJA | F8: AUTOR | G8: MASA WŁASNA (g) | H8: KOD KOLORU | I8: LICZBA PIGMENTÓW | J8: UWAGI | K8: STATUS % | L8: ZAPISANO
A9: RC-0001 | B9: =TODAY() | C9: =Meta_Nazwa | D9: =Meta_System | E9: 1 | F9: =Meta_Autor | G9: =MasaWlasna | H9: =Meta_Kod | I9: =COUNTIF(RECEPTURA_WLASNA!C12:C51,"<>") | J9: Wersja startowa systemu | K9: =StatusUdzialow | L9: SZKIC — zapisz makro ZapiszWersje

Sheet DOBARWIANIE
A1: PROCEDURY DOBARWIANIA
A2: Źródło: nexa-autocolor-2k-tint-chart-guide.pdf (opisy działania Autocolor przetłumaczone na PL) oraz Duxone - Tint Descriptions - PL.pdf (kopie w data/backup).
A4: Wybierz system | B4: AUTOCOLOR
A5: Wybierz pigment
A6: Klucz | B6: =IF(OR(B4="",B5=""),"",B4&"|"&IF(ISNUMBER(FIND(" | ",B5)),TRIM(LEFT(B5,FIND(" | ",B5)-1)),B5)) | C6: =IF(B5="","","")
A7: Nazwa | B7: =IF(B6="", "", IFERROR(VLOOKUP(B6,PigmentyKlucz,4,FALSE),"BRAK W BAZIE"))
A8: Opis działania (PL) | B8: =IF(B6="", "", IFERROR(VLOOKUP(B6,PigmentyKlucz,9,FALSE),""))
A16: REGUŁY AUTOCOLOR (PDF TINTING GUIDE)
A17: AC-R01 | B17: Face / Flop / Tone | C17: ŚWIATŁO (FACE) — kąt mocno zależny od metalików/pereł. FLOP (CIEŃ) — kąt zwykle ciemniejszy, zależny od tonerów konwencjonalnych. TONE (ODCIEŃ) — odcień względem sąsiedniej rodziny barw.
A18: AC-R02 | B18: Tonery RT (reduced tone) — próg 10% | C18: Jeżeli udział tonera RT przekracza 10%, zastąp odpowiednikiem pełnej mocy: P420-908RT → P420-907; P420-960RT → P429-976; P420-910RT → P425-957; P420-902RT → P425-900; P420-904RT → P425-948.
A19: AC-R03 | B19: P429-980 Speed Red | C19: Czysta czerwień do kolorów solid, głównie powyżej 20% udziału.
A20: AC-R04 | B20: P425-941 Strong Red | C20: Czysta, wysokowydajna czerwień — głównie kolory solid.
A21: AC-R05 | B21: P425-922 Lagoon Blue | C21: Zielonawy niebieski z zielonym flopem — do receptur metalik/perła.
A22: AC-R06 | B22: P426-HE02 / kontrola flopu | C22: W PDF: Blue Frost — dodaje żółć na świetle (face) i jasny błękit na flopie w metalikach. W katalogu ODS ten sam kod ma inną nazwę — weryfikuj przed użyciem (status KOLIZJA jeśli wykryta).
A24: REGUŁY DUXONE (PDF TINT DESCRIPTIONS PL)
A25: DX-R01 | B25: Korygowanie — zasada ogólna | C25: Wizualne korygowanie koloru (mokre korygowanie) jest zalecane tylko przy nieudanych wynikach w narzędziach kolorystycznych. Zawsze używaj komponentów już obecnych w formule. Ograniczaj liczbę komponentów branych do korekty.
A26: DX-R02 | B26: Kąty obserwacji | C26: Kolor obserwuje się pod 3 kątami: 15° (pod kątem), 45° (na wprost), 110° (pod dużym kątem / flop).
A27: DX-R03 | B27: Aluminium — rozjaśnianie | C27: Aby uzyskać jaśniejszy kolor aluminium, nie używaj białego komponentu — korzystaj z komponentów aluminium. Biały rozjaśnia flop (110°) i ściemnia 15° oraz 45°. Drobniejsze ziarno = jaśniejsze pod 110°. Grubsze ziarno = ciemniejsze pod 110°.
A28: DX-R04 | B28: Perły | C28: Większość pereł jest transparentna. Zwiększają nasycenie kolorów z efektem. Zaleca się perły już obecne w formule. Biała perła rozjaśnia kolory perłowe. Kolor nie powstaje wyłącznie z pereł (wyjątek: tri-stage — warstwa efektowa).
A29: DX-R05 | B29: DX5136 Metallic Adjuster | C29: Tylko kolory metaliczne i perłowe. Ściemia NRSP (15°), rozjaśnia flop i ziarno. Maks. 12% masy receptury.
A30: DX-R06 | B30: DX5134 Effect White | C30: W kolorach z efektem: bardziej żółty pod 15°, bardziej niebieski i jaśniejszy na flopie. Maks. 40% masy receptury.
A31: DX-R07 | B31: Biel DX5130 ↔ DX0132 | C31: Zamień DX5130 na DX0132 gdy stężenie DX5130 < 0,45% masy; gdy DX0132 > 8%, zastosuj DX5130. Przelicznik: DX5130 × 10 = DX0132.
A32: DX-R08 | B32: Czerń DX5110 ↔ DX5111 / DX0112 | C32: DX5111 jest mocniejszy (niebieski odcień); DX5110 × 2 = DX5111. DX5110 (żółte zabarwienie) ↔ DX0112: zamiana gdy DX5110 < 0,45%; gdy DX0112 > 8% wróć do DX5110. Przelicznik DX5110 × 10 = DX0112.
A33: DX-R09 | B33: Czerwień DX5145 zamiast DX5146/DX5189 | C33: Jeśli zamieniasz DX5146 lub DX5189 na DX5145: zmniejsz stężenie o 5% i zwiększ DX5110 o 10%.
A34: DX-R10 | B34: Próbka koloru | C34: Panel min. 10×15 cm, pistolet w pełni otwarty, 50% zakładka, suszenie max 40°C, ocena dopiero po bezbarwnym. Nie zmieniaj kształtu natrysku, nie odmuchuj, nie aplikuj zbyt mokro.

Sheet BAZA_AUTOCOLOR
A1: BAZA AUTOCOLOR — Nexa Autocolor 2K
A2: Kopia robocza bazy. Oryginalne pliki ODS/PDF nie są zmieniane. Klucz = SYSTEM|NR_PIGMENTU. AUTOCOLOR: OPIS_DOBARWIANIA i OPIS_DZIALANIA_PL po polsku (tint chart); nazwy katalogowe EN. DUXONE: opisy z PDF PL.
A8: KLUCZ | B8: SYSTEM | C8: NR_PIGMENTU | D8: NR_BAZOWY | E8: KOD_E | F8: CZYNNIK_E | G8: NAZWA | H8: NAZWA_ODS | I8: NAZWA_PDF | J8: OPIS_DOBARWIANIA | K8: JEDNOSTKA | L8: KATEGORIA | M8: STATUS_DANYCH | N8: UWAGI_DANYCH | O8: ZRODLO_NAZWY | P8: W_KATALOGU_ODS | Q8: W_SZABLONIE_ODS | R8: OPIS_EN | S8: OPIS_DZIALANIA_PL
A9: AUTOCOLOR|P192-475 | B9: AUTOCOLOR | C9: P192-475 | D9: P192-475 | E9: P192-475/E1 | F9: 1 | G9: REGULATOR BAZY | H9: 2K REGULATOR BAZY | I9: REGULATOR BAZY | J9: Regulator bazy — rozcieńcza i ułatwia aplikację mieszanki, bez zmiany odcienia. Nie jest tonerem kolorystycznym. | K9: g | L9: Regulator | M9: OK | O9: ODS_KATALOG | P9: TAK | Q9: TAK | R9: Base blender / reducer. Does not shift hue; adjusts viscosity and application of the mixing base. | S9: Regulator bazy — rozcieńcza i ułatwia aplikację mieszanki, bez zmiany odcienia. Nie jest tonerem kolorystycznym.
A10: AUTOCOLOR|P192-528 | B10: AUTOCOLOR | C10: P192-528 | D10: P192-528 | E10: P192-528/E2.5 | F10: 2.5 | G10: REGULATOR UŁOŻENIA ZIARNA | H10: 2K REGULATOR UŁOŻENIA ZIARNA | I10: REGULATOR UŁOŻENIA ZIARNA | J10: Regulator ułożenia ziarna — poprawia orientację płatków metalicznych, uspokaja układ ziarna na powierzchni. | K10: g | L10: Regulator | M10: OK | O10: ODS_KATALOG | P10: TAK | Q10: TAK | R10: Grain / flake orientation controller. Settles metallic flake layout. | S10: Regulator ułożenia ziarna — poprawia orientację płatków metalicznych, uspokaja układ ziarna na powierzchni.
A11: AUTOCOLOR|P192-5600 | B11: AUTOCOLOR | C11: P192-5600 | D11: P192-5600 | E11: P192-5600/E2.5 | F11: 2.5 | G11: REGULATOR FLOPU | H11: 2K REGULATOR FLOPU | I11: REGULATOR FLOPU | J11: Regulator flopu — koryguje różnicę światło/cień, uspokaja lub pogłębia flop (cień) w metalikach i perłach. | K11: g | L11: Regulator | M11: OK | O11: ODS_KATALOG | P11: TAK | Q11: TAK | R11: Flop controller. Adjusts the light-to-dark travel (face vs flop). | S11: Regulator flopu — koryguje różnicę światło/cień, uspokaja lub pogłębia flop (cień) w metalikach i perłach.
A12: AUTOCOLOR|P420-902RT | B12: AUTOCOLOR | C12: P420-902RT | D12: P420-902 | E12: P420-902/E1 | F12: 1 | G12: RT Pale White | H12: 2K PALE WHITE | I12: RT Pale White | J12: Mocna biel — silnie rozjaśnia. Toner RT (obniżona moc). Jeżeli udział przekracza 10%, użyj P425-900. | K12: g | L12: Czerń/Biel | M12: OK | O12: PDF_AUTOCOLOR | P12: TAK | Q12: TAK | R12: Strong white. If more than 10% use P425-900. | S12: Mocna biel — silnie rozjaśnia. Toner RT (obniżona moc). Jeżeli udział przekracza 10%, użyj P425-900.
A13: AUTOCOLOR|P420-903RT | B13: AUTOCOLOR | C13: P420-903RT | D13: P420-903 | E13: P420-903/E1 | F13: 1 | G13: RT Medium Pale Yellow | H13: 2K MEDIUM PALE YELLOW | I13: RT Medium Pale Yellow | J13: Bladożółty z zielonkawożółtym flopem (cień). Toner RT — rozjaśnia w stronę bladego żółtego. | K13: g | L13: Toner | M13: OK | O13: PDF_AUTOCOLOR | P13: TAK | Q13: TAK | R13: Pale yellow with a greenish yellow flop. | S13: Bladożółty z zielonkawożółtym flopem (cień). Toner RT — rozjaśnia w stronę bladego żółtego.
A14: AUTOCOLOR|P420-904RT | B14: AUTOCOLOR | C14: P420-904RT | D14: P420-904 | E14: P420-904/E1 | F14: 1 | G14: RT Transparent Black | H14: 2K TRANSPARENT BLACK | I14: RT Transparent Black | J14: Czerń o żółtym odcieniu, ciemniejszy flop niż P420-933. Toner RT, transparentniejszy niż pełna czerń. Jeżeli udział przekracza 10%, użyj P425-948. | K14: g | L14: Czerń/Biel | M14: OK | O14: PDF_AUTOCOLOR | P14: TAK | Q14: TAK | R14: Yellow-shade black, darker flop than P420-933. If more than 10% use P425-948. | S14: Czerń o żółtym odcieniu, ciemniejszy flop niż P420-933. Toner RT, transparentniejszy niż pełna czerń. Jeżeli udział przekracza 10%, użyj P425-948.
A15: AUTOCOLOR|P420-905 | B15: AUTOCOLOR | C15: P420-905 | D15: P420-905 | E15: P420-905/E1 | F15: 1 | G15: Yellow Oxide | H15: 2K YELLOW OXIDE | I15: Yellow Oxide | J15: Kryjący tlenek żółty. Dodaje żółć tlenkową (ciepłą, ziemistą), silne krycie, przytłumia czystość tonu. | K15: g | L15: Toner | M15: OK | O15: PDF_AUTOCOLOR | P15: TAK | Q15: TAK | R15: Opaque yellow oxide. | S15: Kryjący tlenek żółty. Dodaje żółć tlenkową (ciepłą, ziemistą), silne krycie, przytłumia czystość tonu.
A16: AUTOCOLOR|P420-907 | B16: AUTOCOLOR | C16: P420-907 | D16: P420-907 | E16: P420-907/E1 | F16: 1 | G16: Red Oxide | H16: 2K RED OXIDE | I16: Red Oxide | J16: Tlenek czerwony (rdzawy). Kryjący toner tlenkowy; pełna moc odpowiednika RT Russet (P420-908RT). | K16: g | L16: Toner | M16: OK | O16: PDF_AUTOCOLOR | P16: TAK | Q16: TAK | R16: Red oxide. Full-strength counterpart of RT Russet P420-908RT. | S16: Tlenek czerwony (rdzawy). Kryjący toner tlenkowy; pełna moc odpowiednika RT Russet (P420-908RT).
A17: AUTOCOLOR|P420-908RT | B17: AUTOCOLOR | C17: P420-908RT | D17: P420-908 | E17: P420-908/E1 | F17: 1 | G17: RT Russet | H17: 2K RUSSET | I17: RT Russet | J17: Tlenek czerwony o niebieskim odcieniu. Toner RT. Jeżeli udział przekracza 10%, użyj P420-907. | K17: g | L17: Toner | M17: OK | O17: PDF_AUTOCOLOR | P17: TAK | Q17: TAK | R17: Blue shade red oxide. If more than 10% use P420-907. | S17: Tlenek czerwony o niebieskim odcieniu. Toner RT. Jeżeli udział przekracza 10%, użyj P420-907.
A18: AUTOCOLOR|P420-910RT | B18: AUTOCOLOR | C18: P420-910RT | D18: P420-910 | E18: P420-910/E1 | F18: 1 | G18: RT Deep Blue | H18: 2K DEEP BLUE | I18: RT Deep Blue | J18: Wysokowydajny transparentny niebieski. Toner RT. Jeżeli udział przekracza 10%, użyj P425-957. | K18: g | L18: Toner | M18: OK | O18: PDF_AUTOCOLOR | P18: TAK | Q18: TAK | R18: High strength transparent blue. If more than 10% use P425-957. | S18: Wysokowydajny transparentny niebieski. Toner RT. Jeżeli udział przekracza 10%, użyj P425-957.
A19: AUTOCOLOR|P420-920 | B19: AUTOCOLOR | C19: P420-920 | D19: P420-920 | E19: P420-920/E1 | F19: 1 | G19: Violet | H19: 2K VIOLET | I19: Violet | J19: Czysty fiolet z brudnym żółtym flopem; bardziej czerwony niż P420-930. Czyste światło (face), cieplejszy/brudniejszy cień. | K19: g | L19: Toner | M19: OK | O19: PDF_AUTOCOLOR | P19: TAK | Q19: TAK | R19: Clean violet with a dirty yellow flop, redder than P420-930. | S19: Czysty fiolet z brudnym żółtym flopem; bardziej czerwony niż P420-930. Czyste światło (face), cieplejszy/brudniejszy cień.
A20: AUTOCOLOR|P420-926 | B20: AUTOCOLOR | C20: P420-926 | D20: P420-926 | E20: P420-926/E1 | F20: 1 | G20: Super Red | H20: 2K SUPER RED | I20: Super Red | J20: Czysta czerwień. Dodaje czysty czerwony ton (bez tlenkowego przytłumienia). | K20: g | L20: Toner | M20: OK | O20: PDF_AUTOCOLOR | P20: TAK | Q20: TAK | R20: Clean red. | S20: Czysta czerwień. Dodaje czysty czerwony ton (bez tlenkowego przytłumienia).
A21: AUTOCOLOR|P420-930 | B21: AUTOCOLOR | C21: P420-930 | D21: P420-930 | E21: P420-930/E1 | F21: 1 | G21: Lake Blue | H21: 2K BLUE LAKE | I21: Lake Blue | J21: Niebieski o czerwonym odcieniu. Przesuwa ton w stronę czerwono-niebieskiego (cieplejszy błękit). | K21: g | L21: Toner | M21: KOLIZJA NAZW | N21: ODS: 2K BLUE LAKE | PDF: Lake Blue Red shade blue. | O21: PDF_AUTOCOLOR | P21: TAK | Q21: TAK | R21: Red shade blue. | S21: Niebieski o czerwonym odcieniu. Przesuwa ton w stronę czerwono-niebieskiego (cieplejszy błękit).
A22: AUTOCOLOR|P420-933 | B22: AUTOCOLOR | C22: P420-933 | D22: P420-933 | E22: P420-933/E3.5 | F22: 3.5 | G22: Blue Black | H22: 2K BLUE BLACK | I22: Blue Black | J22: Czerń o niebieskim odcieniu; jaśniejszy i bardziej niebieski flop niż P425-948. Ściemia z niebieskim cieniem. | K22: g | L22: Czerń/Biel | M22: OK | O22: PDF_AUTOCOLOR | P22: TAK | Q22: TAK | R22: Blue-shade black, lighter and bluer flop than P425-948. | S22: Czerń o niebieskim odcieniu; jaśniejszy i bardziej niebieski flop niż P425-948. Ściemia z niebieskim cieniem.
A23: AUTOCOLOR|P420-938 | B23: AUTOCOLOR | C23: P420-938 | D23: P420-938 | E23: P420-938/E1 | F23: 1 | G23: Tone Controller | H23: 2K TONE CONTROLLER | I23: Tone Controller | J23: Kontroler tonu — daje wrażenie grubszego ziarna i rozjaśnia flop (cień). Uspokaja zbyt ciemny/płaski cień metaliku. | K23: g | L23: Regulator | M23: OK | O23: PDF_AUTOCOLOR | P23: TAK | Q23: TAK | R23: Gives a more coarse flake appearance and lightens the flop. | S23: Kontroler tonu — daje wrażenie grubszego ziarna i rozjaśnia flop (cień). Uspokaja zbyt ciemny/płaski cień metaliku.
A24: AUTOCOLOR|P420-942 | B24: AUTOCOLOR | C24: P420-942 | D24: P420-942 | E24: P420-942/E1 | F24: 1 | G24: Transoxide Red | H24: 2K TRANSOXIDE RED | I24: Transoxide Red | J24: Złotobrązowy transparentny tlenek czerwony z żółtym flopem. Czystsze światło (face), jaśniejszy i bardziej żółty flop niż P420-978. | K24: g | L24: Toner | M24: OK | O24: PDF_AUTOCOLOR | P24: TAK | Q24: TAK | R24: Golden brown transparent red oxide with a yellow shade flop. Cleaner face, lighter and yellower flop than P420-978. | S24: Złotobrązowy transparentny tlenek czerwony z żółtym flopem. Czystsze światło (face), jaśniejszy i bardziej żółty flop niż P420-978.
A25: AUTOCOLOR|P420-952 | B25: AUTOCOLOR | C25: P420-952 | D25: P420-952 | E25: P420-952/E1 | F25: 1 | G25: Fast Blue | H25: 2K FAST BLUE | I25: Fast Blue | J25: Niebieski o środkowym odcieniu. Neutralny błękit do korekty tonu bez silnego przesunięcia w zieleń lub czerwień. | K25: g | L25: Toner | M25: OK | O25: PDF_AUTOCOLOR | P25: TAK | Q25: TAK | R25: Mid-shade blue. | S25: Niebieski o środkowym odcieniu. Neutralny błękit do korekty tonu bez silnego przesunięcia w zieleń lub czerwień.
A26: AUTOCOLOR|P420-960RT | B26: AUTOCOLOR | C26: P420-960RT | D26: P420-960 | E26: P420-960/E1 | F26: 1 | G26: RT Burgundy | H26: 2K REDUCED MAGENTA | I26: RT Burgundy | J26: Fiolet o niebieskim odcieniu; brudniejsze światło (face) i ciemniejszy flop niż P425-921. Toner RT. Jeżeli udział przekracza 10%, użyj P429-976. | K26: g | L26: Toner | M26: KOLIZJA NAZW | N26: ODS: 2K REDUCED MAGENTA | PDF: RT Burgundy pigments in a formula. | O26: PDF_AUTOCOLOR | P26: TAK | Q26: TAK | R26: Blue shade violet, dirtier face and darker flop than P425-921. If more than 10% use P429-976. | S26: Fiolet o niebieskim odcieniu; brudniejsze światło (face) i ciemniejszy flop niż P425-921. Toner RT. Jeżeli udział przekracza 10%, użyj P429-976.
A27: AUTOCOLOR|P420-975 | B27: AUTOCOLOR | C27: P420-975 | D27: P420-975 | E27: P420-975/E1 | F27: 1 | G27: Bronze Green | H27: 2K BRONZE GREEN | I27: Bronze Green | J27: Złocista zieleń na świetle (face), żółty odcień na flopie. Ciepła zieleń z żółtym cieniem. | K27: g | L27: Toner | M27: OK | O27: PDF_AUTOCOLOR | P27: TAK | Q27: TAK | R27: Golden green face, yellow shade flop. | S27: Złocista zieleń na świetle (face), żółty odcień na flopie. Ciepła zieleń z żółtym cieniem.
A28: AUTOCOLOR|P420-978 | B28: AUTOCOLOR | C28: P420-978 | D28: P420-978 | E28: P420-978/E1 | F28: 1 | G28: Brown | H28: 2K BROWN | I28: Brown | J28: Ciemny brąz z bardziej żółtym flopem niż P429-923. Ściemia i ociepla, szczególnie w cieniu. | K28: g | L28: Toner | M28: OK | O28: PDF_AUTOCOLOR | P28: TAK | Q28: TAK | R28: Dark brown with a yellower flop than P429-923. | S28: Ciemny brąz z bardziej żółtym flopem niż P429-923. Ściemia i ociepla, szczególnie w cieniu.
A29: AUTOCOLOR|P420-983 | B29: AUTOCOLOR | C29: P420-983 | D29: P420-983 | E29: P420-983/E1 | F29: 1 | G29: Strong Yellow | H29: 2K STRONG YELLOW | I29: Strong Yellow | J29: Żółty o pomarańczowym odcieniu; stosować, gdy potrzebny zielony flop. Czystszy niż P420-982. | K29: g | L29: Toner | M29: OK | O29: PDF_AUTOCOLOR | P29: TAK | Q29: TAK | R29: Orange shade yellow, can be used when a green tone flop is needed. Cleaner than P420-982. | S29: Żółty o pomarańczowym odcieniu; stosować, gdy potrzebny zielony flop. Czystszy niż P420-982.
A30: AUTOCOLOR|P425-900 | B30: AUTOCOLOR | C30: P425-900 | D30: P425-900 | E30: P425-900/E3.5 | F30: 3.5 | G30: HS Super White | H30: 2K SUPER WHITE | I30: HS Super White | J30: Mocna biel HS — silnie rozjaśnia recepturę. Pełna moc odpowiednika RT Pale White (P420-902RT). | K30: g | L30: Czerń/Biel | M30: OK | O30: PDF_AUTOCOLOR | P30: TAK | Q30: TAK | R30: Strong HS white. Full-strength counterpart of RT Pale White P420-902RT. | S30: Mocna biel HS — silnie rozjaśnia recepturę. Pełna moc odpowiednika RT Pale White (P420-902RT).
A31: AUTOCOLOR|P425-919 | B31: AUTOCOLOR | C31: P425-919 | D31: P425-919 | E31: P425-919/E1 | F31: 1 | G31: HS Clean Red Violet | H31: 2K CLEAN RED VIOLET | I31: HS Clean Red Violet | J31: Średni fiolet z głębokim flopem. Czysty czerwono-fioletowy ton, mocno pogłębia cień. | K31: g | L31: Toner | M31: OK | O31: PDF_AUTOCOLOR | P31: TAK | Q31: TAK | R31: Medium violet with deep flop. | S31: Średni fiolet z głębokim flopem. Czysty czerwono-fioletowy ton, mocno pogłębia cień.
A32: AUTOCOLOR|P425-921 | B32: AUTOCOLOR | C32: P425-921 | D32: P425-921 | E32: P425-921/E1 | F32: 1 | G32: HS Claret | H32: 2K CLARET | I32: HS Claret | J32: Czysta magenta o niebieskim tonie; czystsza i jaśniejsza niż P429-976. Czysty, chłodny czerwono-fiolet. | K32: g | L32: Toner | M32: OK | O32: PDF_AUTOCOLOR | P32: TAK | Q32: TAK | R32: Clean blue tone magenta, cleaner and lighter than P429-976. | S32: Czysta magenta o niebieskim tonie; czystsza i jaśniejsza niż P429-976. Czysty, chłodny czerwono-fiolet.
A33: AUTOCOLOR|P425-922 | B33: AUTOCOLOR | C33: P425-922 | D33: P425-922 | E33: P425-922/E1 | F33: 1 | G33: HS Lagoon Blue | H33: 2K LAGOON BLUE | I33: HS Lagoon Blue | J33: Zielonawy niebieski z zielonym flopem. Do receptur metalik/perła — przesuwa błękit w zieleń, także w cieniu. | K33: g | L33: Perła | M33: OK | O33: PDF_AUTOCOLOR | P33: TAK | Q33: TAK | R33: Green shade blue with a green flop. Used in metallic/pearl formulations. | S33: Zielonawy niebieski z zielonym flopem. Do receptur metalik/perła — przesuwa błękit w zieleń, także w cieniu.
A34: AUTOCOLOR|P425-941 | B34: AUTOCOLOR | C34: P425-941 | D34: P425-941 | E34: P425-941/E3.5 | F34: 3.5 | G34: HS Strong Red | H34: 2K STRONG RED | I34: HS Strong Red | J34: Czysta, wysokowydajna czerwień — głównie kolory solid. Silna siła barwienia, czysty czerwony ton. | K34: g | L34: Toner | M34: OK | O34: PDF_AUTOCOLOR | P34: TAK | Q34: TAK | R34: Clean, high strength red used primarily in solid colours. | S34: Czysta, wysokowydajna czerwień — głównie kolory solid. Silna siła barwienia, czysty czerwony ton.
A35: AUTOCOLOR|P425-948 | B35: AUTOCOLOR | C35: P425-948 | D35: P425-948 | E35: P425-948/E1 | F35: 1 | G35: HS Black | H35: 2K BLACK | I35: HS Black | J35: Czerń HS. Ściemia światło i flop. Pełna moc odpowiednika RT Transparent Black (P420-904RT). | K35: g | L35: Czerń/Biel | M35: OK | O35: PDF_AUTOCOLOR | P35: TAK | Q35: TAK | R35: HS black. Full-strength counterpart of RT Transparent Black P420-904RT. | S35: Czerń HS. Ściemia światło i flop. Pełna moc odpowiednika RT Transparent Black (P420-904RT).
A36: AUTOCOLOR|P425-950 | B36: AUTOCOLOR | C36: P425-950 | D36: P425-950 | E36: P425-950/E1 | F36: 1 | G36: HS Jet Black | H36: 2K JET BLACK | I36: HS Jet Black | J36: Czerń o żółtym odcieniu, ciemniejszy flop niż P425-948. Głębszy, cieplejszy cień niż standardowa czerń HS. | K36: g | L36: Czerń/Biel | M36: OK | O36: PDF_AUTOCOLOR | P36: TAK | Q36: TAK | R36: Yellow-shade black, darker flop than P425-948. | S36: Czerń o żółtym odcieniu, ciemniejszy flop niż P425-948. Głębszy, cieplejszy cień niż standardowa czerń HS.
A37: AUTOCOLOR|P425-954 | B37: AUTOCOLOR | C37: P425-954 | D37: P425-954 | E37: P425-954/E1 | F37: 1 | G37: HS Blue Green | H37: 2K BLUE GREEN | I37: HS Blue Green | J37: Zieleń o niebieskim odcieniu. Chłodna zieleń — przesuwa ton od żółtozielonego w stronę błękitu. | K37: g | L37: Toner | M37: OK | O37: PDF_AUTOCOLOR | P37: TAK | Q37: TAK | R37: Blue shade green. | S37: Zieleń o niebieskim odcieniu. Chłodna zieleń — przesuwa ton od żółtozielonego w stronę błękitu.
A38: AUTOCOLOR|P425-956 | B38: AUTOCOLOR | C38: P425-956 | D38: P425-956 | E38: P425-956/E1 | F38: 1 | G38: HS Super Blue | H38: 2K SUPER BLUE | I38: HS Super Blue | J38: Niebieski środkowy z zielonym światłem (face) i czerwonym flopem. Na świetle chłodniejszy, w cieniu cieplejszy. | K38: g | L38: Toner | M38: OK | O38: PDF_AUTOCOLOR | P38: TAK | Q38: TAK | R38: Mid-shade blue with green face and red tone flop. | S38: Niebieski środkowy z zielonym światłem (face) i czerwonym flopem. Na świetle chłodniejszy, w cieniu cieplejszy.
... A40: AUTOCOLOR|P425-971 | B40: AUTOCOLOR | C40: P425-971 | D40: P425-971 | E40: P425-971/E1 | F40: 1 | G40: HS Brilliant Red | H40: 2K BRILLIANT RED | I40: HS Brilliant Red | J40: Czysta czerwień o żółtym tonie. Ciepła, jaskrawa czerwień (w stronę pomarańczu), bez brudzenia flopu. | K40: g | L40: Toner | M40: OK | O40: PDF_AUTOCOLOR | P40: TAK | Q40: TAK | R40: Clean yellow tone red. | S40: Czysta czerwień o żółtym tonie. Ciepła, jaskrawa czerwień (w stronę pomarańczu), bez brudzenia flopu.
A41: AUTOCOLOR|P425-984 | B41: AUTOCOLOR | C41: P425-984 | D41: P425-984 | E41: P425-984/E1 | F41: 1 | G41: HS Medium Fine Aluminium | H41: 2K BRIGHT MEDIUM ALUMINIUM | I41: HS Medium Fine Aluminium | J41: Drobny, jasny metalik z ciemniejszym flopem niż P425-986. Rozjaśnia światło, pogłębia cień względem średniego aluminium. | K41: g | L41: Aluminium | M41: KOLIZJA NAZW | N41: ODS: 2K BRIGHT MEDIUM ALUMINIUM | PDF: HS Medium Fine Aluminium | O41: PDF_AUTOCOLOR | P41: TAK | Q41: TAK | R41: Fine bright metallic with darker flop than P425-986. | S41: Drobny, jasny metalik z ciemniejszym flopem niż P425-986. Rozjaśnia światło, pogłębia cień względem średniego aluminium.
A42: AUTOCOLOR|P425-985 | B42: AUTOCOLOR | C42: P425-985 | D42: P425-985 | E42: P425-985/E1 | F42: 1 | G42: HS Fine Aluminium | H42: 2K FINE ALUMINIUM | I42: HS Fine Aluminium | J42: Drobny metalik z ciemnym światłem (face) i jasnym flopem. Drobne ziarno: ciemniejszy na wprost, jaśniejszy w cieniu. | K42: g | L42: Aluminium | M42: OK | O42: PDF_AUTOCOLOR | P42: TAK | Q42: TAK | R42: Fine metallic with a dark face and light flop. | S42: Drobny metalik z ciemnym światłem (face) i jasnym flopem. Drobne ziarno: ciemniejszy na wprost, jaśniejszy w cieniu.
A43: AUTOCOLOR|P425-986 | B43: AUTOCOLOR | C43: P425-986 | D43: P425-986 | E43: P425-986/E3.5 | F43: 3.5 | G43: HS Medium Aluminium | H43: 2K MEDIUM ALUMINIUM | I43: HS Medium Aluminium | J43: Średni metalik z ciemniejszym flopem niż P425-985. Grubsze ziarno niż Fine — ciemniejszy cień. | K43: g | L43: Aluminium | M43: OK | O43: PDF_AUTOCOLOR | P43: TAK | Q43: TAK | R43: Medium metallic with a darker flop than P425-985. | S43: Średni metalik z ciemniejszym flopem niż P425-985. Grubsze ziarno niż Fine — ciemniejszy cień.
A44: AUTOCOLOR|P425-987 | B44: AUTOCOLOR | C44: P425-987 | D44: P425-987 | E44: P425-987/E3.5 | F44: 3.5 | G44: Medium Coarse Aluminium | H44: 2K MEDIUM COARSE ALUMINIUM | I44: Medium Coarse Aluminium | J44: Średnio grube aluminium z ciemniejszym flopem niż P425-985. Wyraźniejsze ziarno, ciemniejszy cień. | K44: g | L44: Aluminium | M44: OK | O44: PDF_AUTOCOLOR | P44: TAK | Q44: TAK | R44: Medium metallic with a darker flop than P425-985. | S44: Średnio grube aluminium z ciemniejszym flopem niż P425-985. Wyraźniejsze ziarno, ciemniejszy cień.
A45: AUTOCOLOR|P425-988 | B45: AUTOCOLOR | C45: P425-988 | D45: P425-988 | E45: P425-988/E1 | F45: 1 | G45: HS Coarse Aluminium | H45: 2K COARSE ALUMINIUM | I45: HS Coarse Aluminium | J45: Grube aluminium: jaśniejsze światło (face), ciemniejszy flop niż P425-987. Mocniejszy błysk ziarna, głębszy cień. | K45: g | L45: Aluminium | M45: OK | O45: PDF_AUTOCOLOR | P45: TAK | Q45: TAK | R45: Brighter face, darker flop than P425-987. | S45: Grube aluminium: jaśniejsze światło (face), ciemniejszy flop niż P425-987. Mocniejszy błysk ziarna, głębszy cień.
A46: AUTOCOLOR|P425-989 | B46: AUTOCOLOR | C46: P425-989 | D46: P425-989 | E46: P425-989/E1 | F46: 1 | G46: HS Very Coarse Aluminium | H46: 2K VERY COARSE ALUMINIUM | I46: HS Very Coarse Aluminium | J46: Bardzo grube, jasne aluminium z ciemnym flopem. Duże ziarno, silny błysk na świetle, głęboki cień. | K46: g | L46: Aluminium | M46: OK | O46: PDF_AUTOCOLOR | P46: TAK | Q46: TAK | R46: Very coarse, bright aluminium with a dark flop. | S46: Bardzo grube, jasne aluminium z ciemnym flopem. Duże ziarno, silny błysk na świetle, głęboki cień.
A47: AUTOCOLOR|P425-991 | B47: AUTOCOLOR | C47: P425-991 | D47: P425-991 | E47: P425-991/E1 | F47: 1 | G47: Fine Satin Aluminium | H47: 2K FINE SATIN ALUMINIUM | I47: Fine Satin Aluminium | J47: Drobne aluminium satynowe. Ciemniejsze światło i jaśniejszy flop niż P425-984. Uspokaja błysk, rozjaśnia cień. | K47: g | L47: Aluminium | M47: OK | O47: PDF_AUTOCOLOR | P47: TAK | Q47: TAK | R47: Fine aluminium. Darker face and lighter flop than P425-984. | S47: Drobne aluminium satynowe. Ciemniejsze światło i jaśniejszy flop niż P425-984. Uspokaja błysk, rozjaśnia cień.
A48: AUTOCOLOR|P425-992 | B48: AUTOCOLOR | C48: P425-992 | D48: P425-992 | E48: P425-992/E1 | F48: 1 | G48: HS Shining Coarse Aluminium | H48: 2K SHINING COARSE ALUMINIUM | I48: HS Shining Coarse Aluminium | J48: Średnio jasny, błyszczący grubszy metalik z ciemniejszym flopem niż P425-984. | K48: g | L48: Aluminium | M48: OK | O48: PDF_AUTOCOLOR | P48: TAK | Q48: TAK | R48: Medium bright metallic with a darker flop than P425-984. | S48: Średnio jasny, błyszczący grubszy metalik z ciemniejszym flopem niż P425-984.
A49: AUTOCOLOR|P425-998 | B49: AUTOCOLOR | C49: P425-998 | D49: P425-998 | E49: P425-998/E1 | F49: 1 | G49: HS Coarse Silver Dollar Aluminium | H49: 2K COARSE SILVER DOLLAR ALUMINIUM | I49: HS Coarse Silver Dollar Aluminium | J49: Jasne grube aluminium typu silver dollar. Czystsze światło i ciemniejszy flop niż P425-992. | K49: g | L49: Aluminium | M49: OK | O49: PDF_AUTOCOLOR | P49: TAK | Q49: TAK | R49: Bright coarse aluminium. Cleaner face and darker flop than P425-992. | S49: Jasne grube aluminium typu silver dollar. Czystsze światło i ciemniejszy flop niż P425-992.
A50: AUTOCOLOR|P425-EB02 | B50: AUTOCOLOR | C50: P425-EB02 | D50: P425-EB02 | E50: P425-EB02/E1 | F50: 1 | G50: KONWERTER BAZY DO KOMÓR SILNIKA | H50: 2K KONWERTER BAZY DO KOMÓR SILNIKA | I50: KONWERTER BAZY DO KOMÓR SILNIKA | J50: Konwerter bazy do komór silnika — zmienia bazę pod aplikację w komorze silnika. Nie jest tonerem kolorystycznym. | K50: g | L50: Toner | M50: OK | O50: ODS_KATALOG | P50: TAK | Q50: TAK | R50: Engine-bay base converter. Not a colour toner. | S50: Konwerter bazy do komór silnika — zmienia bazę pod aplikację w komorze silnika. Nie jest tonerem kolorystycznym.
A51: AUTOCOLOR|P426-HE02 | B51: AUTOCOLOR | C51: P426-HE02 | D51: P426-HE02 | E51: P426-HE02/E1 | F51: 1 | G51: Blue Frost | H51: 2K ULTRA FINE WHITE | I51: Blue Frost | J51: W metalikach dodaje żółć na świetle (face) i jasnoniebieski ton na flopie. Koryguje flop w stronę chłodnego błękitu. | K51: g | L51: Czerń/Biel | M51: KOLIZJA NAZW | N51: ODS: 2K ULTRA FINE WHITE | PDF: Blue Frost | O51: PDF_AUTOCOLOR | P51: TAK | Q51: TAK | R51: Used in metallic colours to add yellow to the face and light blue tone to the flop. | S51: W metalikach dodaje żółć na świetle (face) i jasnoniebieski ton na flopie. Koryguje flop w stronę chłodnego błękitu.
A52: AUTOCOLOR|P426-HE03 | B52: AUTOCOLOR | C52: P426-HE03 | D52: P426-HE03 | E52: P426-HE03/E1 | F52: 1 | G52: Graphite Flake | H52: 2K GRAPHITE FLAKE | I52: Graphite Flake | J52: Subtelny niebieski ton na świetle (face), rozjaśnia flop. Grafitowe ziarno — uspokaja i rozjaśnia cień. | K52: g | L52: Czerń/Biel | M52: OK | O52: PDF_AUTOCOLOR | P52: TAK | Q52: TAK | R52: Subtle blue tone on face, lightens flop. | S52: Subtelny niebieski ton na świetle (face), rozjaśnia flop. Grafitowe ziarno — uspokaja i rozjaśnia cień.
A53: AUTOCOLOR|P426-HE04 | B53: AUTOCOLOR | C53: P426-HE04 | D53: P426-HE04 | E53: P426-HE04/E1 | F53: 1 | G53: Gold Flash | H53: 2K GOLD FLASH | I53: Gold Flash | J53: Średni złoty płatek aluminiowy. Dodaje złoty błysk ziarna (nie toner konwencjonalny). | K53: g | L53: Aluminium | M53: OK | O53: PDF_AUTOCOLOR | P53: TAK | Q53: TAK | R53: Medium gold aluminium flake. | S53: Średni złoty płatek aluminiowy. Dodaje złoty błysk ziarna (nie toner konwencjonalny).
A54: AUTOCOLOR|P426-HE05 | B54: AUTOCOLOR | C54: P426-HE05 | D54: P426-HE05 | E54: P426-HE05/E1 | F54: 1 | G54: Orange Flash | H54: 2K ORANGE FLASH | I54: Orange Flash | J54: Pomarańczowy płatek aluminiowy. Dodaje pomarańczowy refleks na ziarnie. | K54: g | L54: Aluminium | M54: OK | O54: PDF_AUTOCOLOR | P54: TAK | Q54: TAK | R54: Orange aluminium flake. | S54: Pomarańczowy płatek aluminiowy. Dodaje pomarańczowy refleks na ziarnie.
A55: AUTOCOLOR|P426-HE08 | B55: AUTOCOLOR | C55: P426-HE08 | D55: P426-HE08 | E55: P426-HE08/E1 | F55: 1 | G55: BLUE ALUMINIUM | H55: 2K BLUE ALUMINIUM | I55: BLUE ALUMINIUM | J55: Niebieskie aluminium — barwiony płatek metaliczny, dodaje niebieski refleks na ziarnie. | K55: g | L55: Aluminium | M55: OK | O55: ODS_KATALOG | P55: TAK | Q55: TAK | R55: Blue coloured aluminium flake. | S55: Niebieskie aluminium — barwiony płatek metaliczny, dodaje niebieski refleks na ziarnie.
A56: AUTOCOLOR|P426-PP05 | B56: AUTOCOLOR | C56: P426-PP05 | D56: P426-PP05 | E56: P426-PP05/E1 | F56: 1 | G56: White Pearl | H56: 2K WHITE PEARL | I56: White Pearl | J56: Czysta biel perłowa. Jaśniejsze światło (face), ciemniejszy flop niż P426-PP06. Rozjaśnia perły, pogłębia cień względem Fine White Pearl. | K56: g | L56: Perła | M56: OK | O56: PDF_AUTOCOLOR | P56: TAK | Q56: TAK | R56: Clean white. Brighter face, darker flop than P426-PP06. | S56: Czysta biel perłowa. Jaśniejsze światło (face), ciemniejszy flop niż P426-PP06. Rozjaśnia perły, pogłębia cień względem Fine White Pearl.
A57: AUTOCOLOR|P426-PP06 | B57: AUTOCOLOR | C57: P426-PP06 | D57: P426-PP06 | E57: P426-PP06/E1 | F57: 1 | G57: Fine White Pearl | H57: 2K FINE PEARL WHITE | I57: Fine White Pearl | J57: Drobna biała perła. Brudniejsze światło i jaśniejszy flop niż P426-PP05. Drobniejsze ziarno, uspokaja kontrast światło/cień. | K57: g | L57: Perła | M57: KOLIZJA NAZW | N57: ODS: 2K FINE PEARL WHITE | PDF: Fine White Pearl | O57: PDF_AUTOCOLOR | P57: TAK | Q57: TAK | R57: Dirtier face and lighter flop than P426-PP05. | S57: Drobna biała perła. Brudniejsze światło i jaśniejszy flop niż P426-PP05. Drobniejsze ziarno, uspokaja kontrast światło/cień.
A58: AUTOCOLOR|P426-PP07 | B58: AUTOCOLOR | C58: P426-PP07 | D58: P426-PP07 | E58: P426-PP07/E1 | F58: 1 | G58: Blue Pearl | H58: 2K PEARL BLUE | I58: Blue Pearl | J58: Niebieskie światło (face), żółty flop. Grubsza niż P426-PP63. Perła z travel: błękit na wprost, żółć w cieniu. | K58: g | L58: Perła | M58: KOLIZJA NAZW | N58: ODS: 2K PEARL BLUE | PDF: Blue Pearl | O58: PDF_AUTOCOLOR | P58: TAK | Q58: TAK | R58: Blue face, yellow flop. Coarser than P426-PP63. | S58: Niebieskie światło (face), żółty flop. Grubsza niż P426-PP63. Perła z travel: błękit na wprost, żółć w cieniu.
A59: AUTOCOLOR|P426-PP08 | B59: AUTOCOLOR | C59: P426-PP08 | D59: P426-PP08 | E59: P426-PP08/E1 | F59: 1 | G59: Red Pearl | H59: 2K RED PEARL | I59: Red Pearl | J59: Czerwona mika, grubsza niż P426-PP62. Dodaje czerwony efekt perłowy, wyraźniejsze ziarno. | K59: g | L59: Perła | M59: OK | O59: PDF_AUTOCOLOR | P59: TAK | Q59: TAK | R59: Red mica, coarser than P426-PP62. | S59: Czerwona mika, grubsza niż P426-PP62. Dodaje czerwony efekt perłowy, wyraźniejsze ziarno.
A60: AUTOCOLOR|P426-PP09 | B60: AUTOCOLOR | C60: P426-PP09 | D60: P426-PP09 | E60: P426-PP09/E1 | F60: 1 | G60: Gold Pearl | H60: 2K PEARL GOLD | I60: Gold Pearl | J60: Złote światło (face), niebieskawy flop. Złota perła z chłodniejszym cieniem. | K60: g | L60: Perła | M60: KOLIZJA NAZW | N60: ODS: 2K PEARL GOLD | PDF: Gold Pearl | O60: PDF_AUTOCOLOR | P60: TAK | Q60: TAK | R60: Gold face, bluish tone flop. | S60: Złote światło (face), niebieskawy flop. Złota perła z chłodniejszym cieniem.
A61: AUTOCOLOR|P426-PP10 | B61: AUTOCOLOR | C61: P426-PP10 | D61: P426-PP10 | E61: P426-PP10/E1 | F61: 1 | G61: Copper Pearl | H61: 2K COPPER PEARL | I61: Copper Pearl | J61: Miedziane światło (face), na flopie przechodzi w ciemną miedź. Perła z travel miedzianym. | K61: g | L61: Perła | M61: OK | O61: PDF_AUTOCOLOR | P61: TAK | Q61: TAK | R61: Copper face, travels to dark copper tone on the flop. | S61: Miedziane światło (face), na flopie przechodzi w ciemną miedź. Perła z travel miedzianym.
A62: AUTOCOLOR|P426-PP60 | B62: AUTOCOLOR | C62: P426-PP60 | D62: P426-PP60 | E62: P426-PP60/E1 | F62: 1 | G62: White Satin Pearl | H62: 2K PEARL WHITE ULTRAFINE | I62: White Satin Pearl | J62: Drobne białe ziarno perłowe (satyna). Subtelna biała perła, uspokaja błysk. | K62: g | L62: Perła | M62: KOLIZJA NAZW | N62: ODS: 2K PEARL WHITE ULTRAFINE | PDF: White Satin Pearl Fine white flake. | O62: PDF_AUTOCOLOR | P62: TAK | Q62: TAK | R62: Fine white flake. | S62: Drobne białe ziarno perłowe (satyna). Subtelna biała perła, uspokaja błysk.
A63: AUTOCOLOR|P426-PP61 | B63: AUTOCOLOR | C63: P426-PP61 | D63: P426-PP61 | E63: P426-PP61/E1 | F63: 1 | G63: Fine Red Pearl | H63: 2K PEARL RED FINE | I63: Fine Red Pearl | J63: Interferencyjna czerwona mika z zielonym flopem. Czerwień na świetle, zieleń w cieniu. | K63: g | L63: Perła | M63: KOLIZJA NAZW | N63: ODS: 2K PEARL RED FINE | PDF: Fine Red Pearl | O63: PDF_AUTOCOLOR | P63: TAK | Q63: TAK | R63: Interference red mica with a green flop. | S63: Interferencyjna czerwona mika z zielonym flopem. Czerwień na świetle, zieleń w cieniu.
A64: AUTOCOLOR|P426-PP62 | B64: AUTOCOLOR | C64: P426-PP62 | D64: P426-PP62 | E64: P426-PP62/E1 | F64: 1 | G64: Fine Russet Pearl | H64: 2K RUSSET PEARL FINE | I64: Fine Russet Pearl | J64: Czerwona mika, drobniejsza niż P426-PP08. Russet perłowy o drobniejszym ziarnie. | K64: g | L64: Perła | M64: KOLIZJA NAZW | N64: ODS: 2K RUSSET PEARL FINE | PDF: Fine Russet Pearl | O64: PDF_AUTOCOLOR | P64: TAK | Q64: TAK | R64: Red mica. Finer than P426-PP08. | S64: Czerwona mika, drobniejsza niż P426-PP08. Russet perłowy o drobniejszym ziarnie.
A65: AUTOCOLOR|P426-PP63 | B65: AUTOCOLOR | C65: P426-PP63 | D65: P426-PP63 | E65: P426-PP63/E1 | F65: 1 | G65: Fine Blue Pearl | H65: 2K PEARL BLUE FINE | I65: Fine Blue Pearl | J65: Niebieskie światło, żółty flop. Drobniejsza niż P426-PP07. Ten sam travel co Blue Pearl, spokojniejsze ziarno. | K65: g | L65: Perła | M65: KOLIZJA NAZW | N65: ODS: 2K PEARL BLUE FINE | PDF: Fine Blue Pearl | O65: PDF_AUTOCOLOR | P65: TAK | Q65: TAK | R65: Blue face, yellow flop. Finer than P426-PP07. | S65: Niebieskie światło, żółty flop. Drobniejsza niż P426-PP07. Ten sam travel co Blue Pearl, spokojniejsze ziarno.
A66: AUTOCOLOR|P426-PP64 | B66: AUTOCOLOR | C66: P426-PP64 | D66: P426-PP64 | E66: P426-PP64/E1 | F66: 1 | G66: Medium Violet Pearl | H66: 2K MEDIUM VIOLET PEARL | I66: Medium Violet Pearl | J66: Liliowe światło (face), zielony flop. Fioletowa perła z zielonym cieniem. | K66: g | L66: Perła | M66: OK | O66: PDF_AUTOCOLOR | P66: TAK | Q66: TAK | R66: Lilac face, green flop. | S66: Liliowe światło (face), zielony flop. Fioletowa perła z zielonym cieniem.
A67: AUTOCOLOR|P426-PP65 | B67: AUTOCOLOR | C67: P426-PP65 | D67: P426-PP65 | E67: P426-PP65/E1 | F67: 1 | G67: Medium Green Pearl | H67: 2K MEDIUM GREEN PEARL | I67: Medium Green Pearl | J67: Zielone światło (face), czerwonawy flop. Zielona perła z ciepłym cieniem. | K67: g | L67: Perła | M67: OK | O67: PDF_AUTOCOLOR | P67: TAK | Q67: TAK | R67: Green face, reddish tone flop. | S67: Zielone światło (face), czerwonawy flop. Zielona perła z ciepłym cieniem.
A68: AUTOCOLOR|P426-PP68 | B68: AUTOCOLOR | C68: P426-PP68 | D68: P426-PP68 | E68: P426-PP68/E0.33 | F68: 0.33 | G68: Orange Pearl | H68: 2K PEARL ORANGE | I68: Orange Pearl | J68: Czyste pomarańczowe światło (face), zielony flop. Czysta pomarańcz perłowa z chłodniejszym cieniem. | K68: g | L68: Perła | M68: KOLIZJA NAZW | N68: ODS: 2K PEARL ORANGE | PDF: Orange Pearl | O68: PDF_AUTOCOLOR | P68: TAK | Q68: TAK | R68: Clean orange face, green tone flop. | S68: Czyste pomarańczowe światło (face), zielony flop. Czysta pomarańcz perłowa z chłodniejszym cieniem.
A69: AUTOCOLOR|P429-914 | B69: AUTOCOLOR | C69: P429-914 | D69: P429-914 | E69: P429-914/E1 | F69: 1 | G69: HS CLEAN BLUE VIOLET | H69: 2K HS CLEAN BLUE VIOLET | I69: HS CLEAN BLUE VIOLET | J69: Czysty fiolet o niebieskim odcieniu (HS). Chłodny, czysty ton — korekta w stronę niebieskiego fioletu. | K69: g | L69: Toner | M69: OK | O69: ODS_KATALOG | P69: TAK | Q69: TAK | R69: Clean blue-shade violet HS toner. | S69: Czysty fiolet o niebieskim odcieniu (HS). Chłodny, czysty ton — korekta w stronę niebieskiego fioletu.
A70: AUTOCOLOR|P429-917 | B70: AUTOCOLOR | C70: P429-917 | D70: P429-917 | E70: P429-917/E1 | F70: 1 | G70: HS GREEN GOLD | H70: 2K HS GREEN GOLD | I70: HS GREEN GOLD | J70: Złoto-zielony toner HS. Dodaje złocistą zieleń na świetle, ciepły zielonożółty ton. | K70: g | L70: Toner | M70: OK | O70: ODS_KATALOG | P70: TAK | Q70: TAK | R70: Green-gold HS toner. | S70: Złoto-zielony toner HS. Dodaje złocistą zieleń na świetle, ciepły zielonożółty ton.
A71: AUTOCOLOR|P429-923 | B71: AUTOCOLOR | C71: P429-923 | D71: P429-923 | E71: P429-923/E1 | F71: 1 | G71: HS Bright Maroon | H71: 2K BRIGHT MAROON | I71: HS Bright Maroon | J71: Transparentny bordo o środkowym odcieniu, ciemny flop. Ściemia i czerwieni w cieniu, bez silnego krycia. | K71: g | L71: Toner | M71: OK | O71: PDF_AUTOCOLOR | P71: TAK | Q71: TAK | R71: Mid-shade transparent maroon, dark flop. | S71: Transparentny bordo o środkowym odcieniu, ciemny flop. Ściemia i czerwieni w cieniu, bez silnego krycia.
A72: AUTOCOLOR|P429-932 | B72: AUTOCOLOR | C72: P429-932 | D72: P429-932 | E72: P429-932/E1 | F72: 1 | G72: HS CLEAN ORGANIC ORANGE | H72: 2K HS CLEAN ORGANIC ORANGE | I72: HS CLEAN ORGANIC ORANGE | J72: Czysta organiczna pomarańcz HS. Nasycony, czysty ton pomarańczowy (nie tlenkowy). | K72: g | L72: Toner | M72: OK | O72: ODS_KATALOG | P72: TAK | Q72: TAK | R72: Clean organic orange HS toner. | S72: Czysta organiczna pomarańcz HS. Nasycony, czysty ton pomarańczowy (nie tlenkowy).
A73: AUTOCOLOR|P429-937 | B73: AUTOCOLOR | C73: P429-937 | D73: P429-937 | E73: P429-937/E1 | F73: 1 | G73: HS Pale Yellow | H73: 2K PALE YELLOW | I73: HS Pale Yellow | J73: Żółty o zielonym odcieniu, z zielonym flopem. Chłodna, blada żółć — rozjaśnia w stronę zieleni. | K73: g | L73: Toner | M73: OK | O73: PDF_AUTOCOLOR | P73: TAK | Q73: TAK | R73: Green shade yellow with a green shade flop. | S73: Żółty o zielonym odcieniu, z zielonym flopem. Chłodna, blada żółć — rozjaśnia w stronę zieleni.
A74: AUTOCOLOR|P429-961 | B74: AUTOCOLOR | C74: P429-961 | D74: P429-961 | E74: P429-961/E1 | F74: 1 | G74: HS Clean Magenta | H74: 2K CLEAN MAGENTA | I74: HS Clean Magenta | J74: Czysty fiolet o niebieskim tonie, ciemniejszy flop niż P425-921. Chłodna magenta, głębszy cień. | K74: g | L74: Toner | M74: OK | O74: PDF_AUTOCOLOR | P74: TAK | Q74: TAK | R74: Clean blue tone violet, darker flop than P425-921. | S74: Czysty fiolet o niebieskim tonie, ciemniejszy flop niż P425-921. Chłodna magenta, głębszy cień.
A75: AUTOCOLOR|P429-967 | B75: AUTOCOLOR | C75: P429-967 | D75: P429-967 | E75: P429-967/E1 | F75: 1 | G75: HS Deep Angle Black | H75: 2K DEEP ANGLE BLACK | I75: HS Deep Angle Black | J75: Czerń o żółtym odcieniu, najciemniejszy flop. Najgłębszy cień spośród czerni 2K — ściemia kąt duży. | K75: g | L75: Czerń/Biel | M75: OK | O75: PDF_AUTOCOLOR | P75: TAK | Q75: TAK | R75: Yellow-shade black, darkest flop. | S75: Czerń o żółtym odcieniu, najciemniejszy flop. Najgłębszy cień spośród czerni 2K — ściemia kąt duży.
A76: AUTOCOLOR|P429-972 | B76: AUTOCOLOR | C76: P429-972 | D76: P429-972 | E76: P429-972/E1 | F76: 1 | G76: HS Bright Amber | H76: 2K BRIGHT AMBER | I76: HS Bright Amber | J76: Jasna pomarańcz, głównie kolory solid. Czystsza niż P420-982 i P420-983. | K76: g | L76: Toner | M76: OK | O76: PDF_AUTOCOLOR | P76: TAK | Q76: TAK | R76: Bright orange used primarily in solid colours. Cleaner than P420-982 and P420-983. | S76: Jasna pomarańcz, głównie kolory solid. Czystsza niż P420-982 i P420-983.
A77: AUTOCOLOR|P429-973 | B77: AUTOCOLOR | C77: P429-973 | D77: P429-973 | E77: P429-973/E1 | F77: 1 | G77: HS Bright Orange | H77: 2K BRIGHT ORANGE | I77: HS Bright Orange | J77: Pomarańcz o czerwonym odcieniu. Ciepła, czerwona pomarańcz do korekty tonu. | K77: g | L77: Toner | M77: OK | O77: PDF_AUTOCOLOR | P77: TAK | Q77: TAK | R77: Red shade orange. | S77: Pomarańcz o czerwonym odcieniu. Ciepła, czerwona pomarańcz do korekty tonu.
A78: AUTOCOLOR|P429-976 | B78: AUTOCOLOR | C78: P429-976 | D78: P429-976 | E78: P429-976/E1 | F78: 1 | G78: HS Red Violet | H78: 2K RED VIOLET | I78: HS Red Violet | J78: Fiolet czerwony HS. Pełna moc odpowiednika RT Burgundy (P420-960RT). | K78: g | L78: Toner | M78: OK | O78: PDF_AUTOCOLOR | P78: TAK | Q78: TAK | R78: Red violet HS. Full-strength counterpart of RT Burgundy P420-960RT. | S78: Fiolet czerwony HS. Pełna moc odpowiednika RT Burgundy (P420-960RT).
A79: AUTOCOLOR|P429-980 | B79: AUTOCOLOR | C79: P429-980 | D79: P429-980 | E79: P429-980/E1 | F79: 1 | G79: HS Speed Red | H79: 2K SPEED RED | I79: HS Speed Red | J79: Jasna, czysta czerwień — głównie kolory solid, zwykle powyżej 20% udziału. Silna, czysta czerwień solid. | K79: g | L79: Toner | M79: OK | O79: PDF_AUTOCOLOR | P79: TAK | Q79: TAK | R79: Bright clean red, used primarily in solid colours above 20%. | S79: Jasna, czysta czerwień — głównie kolory solid, zwykle powyżej 20% udziału. Silna, czysta czerwień solid.
A80: AUTOCOLOR|P429-981 | B80: AUTOCOLOR | C80: P429-981 | D80: P429-981 | E80: P429-981/E1 | F80: 1 | G80: Transparent Gold | H80: 2K Transparent Gold | I80: Transparent Gold | J80: Transparentne złoto. Dodaje złoty ton bez silnego krycia; ociepla światło, słabiej buduje flop. | K80: g | L80: Toner | M80: OK | O80: ODS_KATALOG | P80: TAK | Q80: TAK | R80: Transparent gold toner. | S80: Transparentne złoto. Dodaje złoty ton bez silnego krycia; ociepla światło, słabiej buduje flop.
... A87: AUTOCOLOR|P433-XR16 | B87: AUTOCOLOR | C87: P433-XR16 | D87: P433-XR16 | E87: P433-XR16/E0.33 | F87: 0.33 | G87: Fireside Copper | H87: 2K XIRALLIC FIRESIDE COPPER | I87: Fireside Copper | J87: Iskrzący, jasny miedziany efekt Xirallic; grubsze ziarno i jaśniejszy niż P426-PP10. | K87: g | L87: Xirallic | M87: OK | O87: PDF_AUTOCOLOR | P87: TAK | Q87: TAK | R87: Sparkle bright copper effect, coarser appearance and brighter than P426-PP10. | S87: Iskrzący, jasny miedziany efekt Xirallic; grubsze ziarno i jaśniejszy niż P426-PP10.
A88: AUTOCOLOR|P433-XR17 | B88: AUTOCOLOR | C88: P433-XR17 | D88: P433-XR17 | E88: P433-XR17/E0.33 | F88: 0.33 | G88: Cosmic Turquoise | H88: 2K XIRALLIC COSMIC TURQUOISE | I88: Cosmic Turquoise | J88: Iskrzący, unikalny morski błękit (turkus) — płatek Xirallic o wyraźnej iskrze. | K88: g | L88: Xirallic | M88: KOLIZJA NAZW | N88: ODS: 2K XIRALLIC COSMIC TURQUOISE | PDF: Cosmic Turquoise flake pigment. | O88: PDF_AUTOCOLOR | P88: TAK | Q88: TAK | R88: Sparkle bright unique marine blue flake pigment. | S88: Iskrzący, unikalny morski błękit (turkus) — płatek Xirallic o wyraźnej iskrze.
A89: AUTOCOLOR|P433-XR18 | B89: AUTOCOLOR | C89: P433-XR18 | D89: P433-XR18 | E89: P433-XR18/E0.33 | F89: 0.33 | G89: Amethyst Dream | H89: 2K XIRALLIC AMETHYST DREAM | I89: Amethyst Dream | J89: Iskrzący, jasny fioletowy efekt Xirallic; grubsze ziarno i jaśniejszy niż P426-PP64. | K89: g | L89: Xirallic | M89: OK | O89: PDF_AUTOCOLOR | P89: TAK | Q89: TAK | R89: Sparkle bright violet effect, coarser appearance and brighter than P426-PP64. | S89: Iskrzący, jasny fioletowy efekt Xirallic; grubsze ziarno i jaśniejszy niż P426-PP64.
A90: AUTOCOLOR|P434-CS32 | B90: AUTOCOLOR | C90: P434-CS32 | D90: P434-CS32 | E90: P434-CS32/E0.33 | F90: 0.33 | G90: Viola Fantasy | H90: 2K COLORSTREAM VIOLA FANTASY | I90: Viola Fantasy | J90: Efektowy biały płatek krzemionkowy Colorstream: unikalny travel fiolet → srebro → zieleń → błękit. | K90: g | L90: Colorstream | M90: KOLIZJA NAZW | N90: ODS: 2K COLORSTREAM VIOLA FANTASY | PDF: Viola Fantasy unique violet to silver to green to blue colour | O90: PDF_AUTOCOLOR | P90: TAK | Q90: TAK | R90: Special effect white silica flake that creates a unique violet to silver to green to blue colour travel. | S90: Efektowy biały płatek krzemionkowy Colorstream: unikalny travel fiolet → srebro → zieleń → błękit.
A91: AUTOCOLOR|P434-CS33 | B91: AUTOCOLOR | C91: P434-CS33 | D91: P434-CS33 | E91: P434-CS33/E0.33 | F91: 0.33 | G91: Arctic Fire | H91: 2K COLORSTREAM ARCTIC FIRE | I91: Arctic Fire | J91: Efektowy płatek krzemionkowy Colorstream: travel od subtelnego turkusu przez błyszczące srebro do czerwieni. | K91: g | L91: Colorstream | M91: KOLIZJA NAZW | N91: ODS: 2K COLORSTREAM ARCTIC FIRE | PDF: Arctic Fire colour travel from subtle turquoise through | O91: PDF_AUTOCOLOR | P91: TAK | Q91: TAK | R91: Special effect silica flake that creates a unique colour travel from subtle turquoise through brilliant silver to red. | S91: Efektowy płatek krzemionkowy Colorstream: travel od subtelnego turkusu przez błyszczące srebro do czerwieni.
A92: AUTOCOLOR|P434-CS34 | B92: AUTOCOLOR | C92: P434-CS34 | D92: P434-CS34 | E92: P434-CS34/E0.33 | F92: 0.33 | G92: Tropic Sunrise | H92: 2K COLORSTREAM TROPIC SUNRISE | I92: Tropic Sunrise | J92: Efektowy płatek krzemionkowy Colorstream: travel zieleń → srebro → czerwonawa pomarańcz. | K92: g | L92: Colorstream | M92: KOLIZJA NAZW | N92: ODS: 2K COLORSTREAM TROPIC SUNRISE | PDF: Tropic Sunrise colour travel from green to silver to reddish | O92: PDF_AUTOCOLOR | P92: TAK | Q92: TAK | R92: Special effect silica flake that creates a unique colour travel from green to silver to reddish orange. | S92: Efektowy płatek krzemionkowy Colorstream: travel zieleń → srebro → czerwonawa pomarańcz.
A93: AUTOCOLOR|P434-CS35 | B93: AUTOCOLOR | C93: P434-CS35 | D93: P434-CS35 | E93: P434-CS35/E0.33 | F93: 0.33 | G93: Lapis Sunlight | H93: 2K COLORSTREAM LAPIS SUN LIGHT | I93: Lapis Sunlight | J93: Efektowy płatek krzemionkowy Colorstream: travel złoto → zieleń → błękit. | K93: g | L93: Colorstream | M93: KOLIZJA NAZW | N93: ODS: 2K COLORSTREAM LAPIS SUN LIGHT | PDF: Lapis Sunlight colour travel from gold to green to blue. | O93: PDF_AUTOCOLOR | P93: TAK | Q93: TAK | R93: Special effect silica flake that creates a unique colour travel from gold to green to blue. | S93: Efektowy płatek krzemionkowy Colorstream: travel złoto → zieleń → błękit.
A94: AUTOCOLOR|P435-GF37 | B94: AUTOCOLOR | C94: P435-GF37 | D94: P435-GF37 | E94: P435-GF37/E0.33 | F94: 0.33 | G94: Silver Glass | H94: 2K SPECTRAFLAIR SILVER GLASS | I94: Silver Glass | J94: Srebrne płatki szkła pokryte metalem — jasne kolory z intensywną iskrą i flare. Efekt szczególnie widoczny w ostrym słońcu. | K94: g | L94: Toner | M94: OK | O94: PDF_AUTOCOLOR | P94: TAK | Q94: TAK | R94: Silver metal-coated glass flakes, used to create bright colours with intense sparkle and flare. The effect is particularly evident in bright sunlight. | S94: Srebrne płatki szkła pokryte metalem — jasne kolory z intensywną iskrą i flare. Efekt szczególnie widoczny w ostrym słońcu.
A95: AUTOCOLOR|P440-FX20 | B95: AUTOCOLOR | C95: P440-FX20 | D95: P440-FX20 | E95: P440-FX20/E0.33 | F95: 0.33 | G95: CHROMAFLAIR CYAN TO PURPLE | H95: 2K CHROMAFLAIR CYAN TO PURPLE | I95: CHROMAFLAIR CYAN TO PURPLE | J95: Płatek zmieniający barwę (ChromaFlair): travel cyjan → fiolet. Dodaje kątowe przesunięcie koloru, nie krycie. | K95: g | L95: ChromaFlair | M95: OK | O95: ODS_KATALOG | P95: TAK | Q95: TAK | R95: Colour shifting flake. Colour shifts from cyan through purple. | S95: Płatek zmieniający barwę (ChromaFlair): travel cyjan → fiolet. Dodaje kątowe przesunięcie koloru, nie krycie.
A96: AUTOCOLOR|P440-FX21 | B96: AUTOCOLOR | C96: P440-FX21 | D96: P440-FX21 | E96: P440-FX21/E0.33 | F96: 0.33 | G96: CHROMAFLAIR SILVER TO GREEN | H96: 2K CHROMAFLAIR SILVER TO GREEN | I96: CHROMAFLAIR SILVER TO GREEN | J96: Płatek zmieniający barwę (ChromaFlair): travel srebro → zieleń. | K96: g | L96: ChromaFlair | M96: OK | O96: ODS_KATALOG | P96: TAK | Q96: TAK | R96: Colour shifting flake. Colour shifts from silver through green. | S96: Płatek zmieniający barwę (ChromaFlair): travel srebro → zieleń.
A97: AUTOCOLOR|P440-FX22 | B97: AUTOCOLOR | C97: P440-FX22 | D97: P440-FX22 | E97: P440-FX22/E0.33 | F97: 0.33 | G97: CHROMAFLAIR GREEN TO PURPLE | H97: 2K CHROMAFLAIR GREEN TO PURPLE | I97: CHROMAFLAIR GREEN TO PURPLE | J97: Płatek zmieniający barwę (ChromaFlair): travel zieleń → fiolet. | K97: g | L97: ChromaFlair | M97: OK | O97: ODS_KATALOG | P97: TAK | Q97: TAK | R97: Colour shifting flake. Colour shifts from green through purple. | S97: Płatek zmieniający barwę (ChromaFlair): travel zieleń → fiolet.
A98: AUTOCOLOR|P440-FX23 | B98: AUTOCOLOR | C98: P440-FX23 | D98: P440-FX23 | E98: P440-FX23/E0.33 | F98: 0.33 | G98: CHROMAFLAIR BLUE TO RED | H98: 2K CHROMAFLAIR BLUE TO RED | I98: CHROMAFLAIR BLUE TO RED | J98: Płatek zmieniający barwę (ChromaFlair): travel błękit → czerwień. | K98: g | L98: ChromaFlair | M98: OK | O98: ODS_KATALOG | P98: TAK | Q98: TAK | R98: Colour shifting flake. Colour shifts from blue through red. | S98: Płatek zmieniający barwę (ChromaFlair): travel błękit → czerwień.
A99: AUTOCOLOR|P440-FX24 | B99: AUTOCOLOR | C99: P440-FX24 | D99: P440-FX24 | E99: P440-FX24/E0.33 | F99: 0.33 | G99: CHROMAFLAIR MAGENTA TO GOLD | H99: 2K CHROMAFLAIR MAGENTA TO GOLD | I99: CHROMAFLAIR MAGENTA TO GOLD | J99: Płatek zmieniający barwę (ChromaFlair): travel magenta → złoto. | K99: g | L99: ChromaFlair | M99: OK | O99: ODS_KATALOG | P99: TAK | Q99: TAK | R99: Colour shifting flake. Colour shifts from magenta through gold. | S99: Płatek zmieniający barwę (ChromaFlair): travel magenta → złoto.
A100: AUTOCOLOR|P440-FX25 | B100: AUTOCOLOR | C100: P440-FX25 | D100: P440-FX25 | E100: P440-FX25/E0.33 | F100: 0.33 | G100: CHROMAFLAIR GOLD TO SILVER | H100: 2K CHROMAFLAIR GOLD TO SILVER | I100: CHROMAFLAIR GOLD TO SILVER | J100: Płatek zmieniający barwę (ChromaFlair): travel złoto → srebro. | K100: g | L100: ChromaFlair | M100: OK | O100: ODS_KATALOG | P100: TAK | Q100: TAK | R100: Colour shifting flake. Colour shifts from gold through silver. | S100: Płatek zmieniający barwę (ChromaFlair): travel złoto → srebro.
A101: AUTOCOLOR|P440-FX26 | B101: AUTOCOLOR | C101: P440-FX26 | D101: P440-FX26 | E101: P440-FX26/E0.33 | F101: 0.33 | G101: CHROMAFLAIR RED TO GOLD | H101: 2K CHROMAFLAIR RED TO GOLD | I101: CHROMAFLAIR RED TO GOLD | J101: Płatek zmieniający barwę (ChromaFlair): travel czerwień → złoto. | K101: g | L101: ChromaFlair | M101: OK | O101: ODS_KATALOG | P101: TAK | Q101: TAK | R101: Colour shifting flake. Colour shifts from red through gold. | S101: Płatek zmieniający barwę (ChromaFlair): travel czerwień → złoto.
A102: AUTOCOLOR|P440-FX51 | B102: AUTOCOLOR | C102: P440-FX51 | D102: P440-FX51 | E102: P440-FX51/E0.33 | F102: 0.33 | G102: Silver Flair | H102: 2K SPECTRAFLAIR SILVER FLAIR | I102: Silver Flair | J102: Tęczowy, wielobarwny efekt (rainbow), szczególnie w srebrnych kolorach przy intensywnym świetle. | K102: g | L102: ChromaFlair | M102: KOLIZJA NAZW | N102: ODS: 2K SPECTRAFLAIR SILVER FLAIR | PDF: Silver Flair intense light source. | O102: PDF_AUTOCOLOR | P102: TAK | Q102: TAK | R102: Exhibits a unique rainbow multi coloured effect, particularly in silver colours under intense light source. | S102: Tęczowy, wielobarwny efekt (rainbow), szczególnie w srebrnych kolorach przy intensywnym świetle.
A103: AUTOCOLOR|P440-LM01 | B103: AUTOCOLOR | C103: P440-LM01 | D103: P440-LM01 | E103: P440-LM01/E1 | F103: 1 | G103: LIQUID METAL SUPER FINE | H103: 2K LIQUID METAL SUPER FINE | I103: LIQUID METAL SUPER FINE | J103: Próżniowe płatki metalu (liquid metal) o efekcie stopionego metalu. Bardzo drobne ziarno, lustrzany połysk. | K103: g | L103: Aluminium | M103: OK | O103: ODS_KATALOG | P103: TAK | Q103: TAK | R103: Vacuumized metal flakes with a unique optical effect similar to a molten metal appearance. | S103: Próżniowe płatki metalu (liquid metal) o efekcie stopionego metalu. Bardzo drobne ziarno, lustrzany połysk.
A104: AUTOCOLOR|P450-EC50 | B104: AUTOCOLOR | C104: P450-EC50 | D104: P450-EC50 | E104: P450-EC50/E0.118 | F104: 0.118 | G104: BRILLIANT RED | H104: BRILLIANT RED | I104: BRILLIANT RED | J104: Jaskrawa czerwień (toner EC). Dodaje czysty, intensywny czerwony ton. | K104: g | L104: Toner | M104: OK | O104: ODS_KATALOG | P104: TAK | Q104: TAK | R104: Brilliant red effect / toner. | S104: Jaskrawa czerwień (toner EC). Dodaje czysty, intensywny czerwony ton.
A105: AUTOCOLOR|P420-982 | B105: AUTOCOLOR | C105: P420-982 | D105: P420-982 | G105: Trans Oxide Yellow | I105: Trans Oxide Yellow | J105: Transparentny tlenek żółty z ciemniejszym flopem niż P420-983. Żółć tlenkowa bez silnego krycia, pogłębia cień. | K105: g | L105: Toner | M105: DODANY Z PDF | N105: Kod występuje w przewodniku dobarwiania, brak w ODS | O105: PDF_AUTOCOLOR | P105: NIE | Q105: NIE | R105: Transparent yellow oxide with a darker flop than P420-983. | S105: Transparentny tlenek żółty z ciemniejszym flopem niż P420-983. Żółć tlenkowa bez silnego krycia, pogłębia cień.
A106: AUTOCOLOR|VM4370 | B106: AUTOCOLOR | C106: VM4370 | D106: VM4370 | G106: Super Fine Liquid Metal | I106: Super Fine Liquid Metal | J106: Próżniowe płatki metalu — unikalny efekt optyczny jak stopiony metal. Bardzo drobne ziarno, lustrzany połysk. | K106: g | L106: Aluminium | M106: DODANY Z PDF | N106: Kod występuje w przewodniku dobarwiania, brak w ODS | O106: PDF_AUTOCOLOR | P106: NIE | Q106: NIE | R106: Vacuumized metal flakes that have a unique optical effect similar to a molten metal appearance. | S106: Próżniowe płatki metalu — unikalny efekt optyczny jak stopiony metal. Bardzo drobne ziarno, lustrzany połysk.
A107: AUTOCOLOR|P426-HE07 | B107: AUTOCOLOR | C107: P426-HE07 | D107: P426-HE07 | G107: Blue Flash | I107: Blue Flash | J107: Organiczny niebieski płatek aluminiowy. Barwione ziarno — niebieski błysk metaliku. | K107: g | L107: Aluminium | M107: DODANY Z PDF | N107: Kod występuje w przewodniku dobarwiania, brak w ODS | O107: PDF_AUTOCOLOR | P107: NIE | Q107: NIE | R107: Organic blue coloured aluminium flake. | S107: Organiczny niebieski płatek aluminiowy. Barwione ziarno — niebieski błysk metaliku.
A108: AUTOCOLOR|P434-CS31 | B108: AUTOCOLOR | C108: P434-CS31 | D108: P434-CS31 | G108: Autumn Mystery | I108: Autumn Mystery | J108: Efektowy pomarańczowy płatek krzemionkowy Colorstream: unikalny travel czerwony → złoty → brąz → zieleń. | K108: g | L108: Colorstream | M108: DODANY Z PDF | N108: Kod występuje w przewodniku dobarwiania, brak w ODS | O108: PDF_AUTOCOLOR | P108: NIE | Q108: NIE | R108: Special effect orange silica flake that creates a unique red to gold to bronze to green colour travel. | S108: Efektowy pomarańczowy płatek krzemionkowy Colorstream: unikalny travel czerwony → złoty → brąz → zieleń.
A109: AUTOCOLOR|VM4987 | B109: AUTOCOLOR | C109: VM4987 | D109: VM4987 | G109: Cyan to Purple | I109: Cyan to Purple | J109: Płatek zmieniający barwę: travel cyjan → fiolet. | K109: g | L109: ChromaFlair | M109: DODANY Z PDF | N109: Kod występuje w przewodniku dobarwiania, brak w ODS | O109: PDF_AUTOCOLOR | P109: NIE | Q109: NIE | R109: Colour shifting flake. Colour shifts from cyan through purple. | S109: Płatek zmieniający barwę: travel cyjan → fiolet.
A110: AUTOCOLOR|VM4988 | B110: AUTOCOLOR | C110: VM4988 | D110: VM4988 | G110: Silver to Green | I110: Silver to Green | J110: Płatek zmieniający barwę: travel srebro → zieleń. | K110: g | L110: ChromaFlair | M110: DODANY Z PDF | N110: Kod występuje w przewodniku dobarwiania, brak w ODS | O110: PDF_AUTOCOLOR | P110: NIE | Q110: NIE | R110: Colour shifting flake. Colour shifts from silver through green. | S110: Płatek zmieniający barwę: travel srebro → zieleń.
A111: AUTOCOLOR|VM4989 | B111: AUTOCOLOR | C111: VM4989 | D111: VM4989 | G111: Green to Purple | I111: Green to Purple | J111: Płatek zmieniający barwę: travel zieleń → fiolet. | K111: g | L111: ChromaFlair | M111: DODANY Z PDF | N111: Kod występuje w przewodniku dobarwiania, brak w ODS | O111: PDF_AUTOCOLOR | P111: NIE | Q111: NIE | R111: Colour shifting flake. Colour shifts from green through purple. | S111: Płatek zmieniający barwę: travel zieleń → fiolet.
A112: AUTOCOLOR|VM4990 | B112: AUTOCOLOR | C112: VM4990 | D112: VM4990 | G112: Blue to Red | I112: Blue to Red | J112: Płatek zmieniający barwę: travel błękit → czerwień. | K112: g | L112: ChromaFlair | M112: DODANY Z PDF | N112: Kod występuje w przewodniku dobarwiania, brak w ODS | O112: PDF_AUTOCOLOR | P112: NIE | Q112: NIE | R112: Colour shifting flake. Colour shifts from blue through red. | S112: Płatek zmieniający barwę: travel błękit → czerwień.
...

Sheet BAZA_DUXONE
A1: BAZA DUXONE — Axalta Duxone
A2: Kopia robocza bazy. Oryginalne pliki ODS/PDF nie są zmieniane. Klucz = SYSTEM|NR_PIGMENTU. AUTOCOLOR: OPIS_DOBARWIANIA i OPIS_DZIALANIA_PL po polsku (tint chart); nazwy katalogowe EN. DUXONE: opisy z PDF PL.
A8: KLUCZ | B8: SYSTEM | C8: NR_PIGMENTU | D8: NR_BAZOWY | E8: KOD_E | F8: CZYNNIK_E | G8: NAZWA | H8: NAZWA_ODS | I8: NAZWA_PDF | J8: OPIS_DOBARWIANIA | K8: JEDNOSTKA | L8: KATEGORIA | M8: STATUS_DANYCH | N8: UWAGI_DANYCH | O8: ZRODLO_NAZWY | P8: W_KATALOGU_ODS | Q8: W_SZABLONIE_ODS | R8: OPIS_EN | S8: OPIS_DZIALANIA_PL
A9: DUXONE|DX5110 | B9: DUXONE | C9: DX5110 | D9: DX5110 | G9: DEEP BLACK | I9: DEEP BLACK | K9: g | L9: Solid | M9: OK | O9: PDF_DUXONE | P9: NIE | Q9: TAK
A10: DUXONE|DX5111 | B10: DUXONE | C10: DX5111 | D10: DX5111 | G10: BLACK | I10: BLACK | J10: Najmocniejszy i najbardziej nasycony czarny pigment DX5111 jest ciemniejszy patrząc „pod dużym kątem” (flop) niż DX5110 Zamień DX5110 na DX5111: stężenie DX5110 x 2 Ma niebieskie zabarwienie | K10: g | L10: Solid | M10: OK | O10: PDF_DUXONE | P10: NIE | Q10: TAK | S10: Najmocniejszy i najbardziej nasycony czarny pigment DX5111 jest ciemniejszy patrząc „pod dużym kątem” (flop) niż DX5110 Zamień DX5110 na DX5111: stężenie DX5110 x 2 Ma niebieskie zabarwienie
A11: DUXONE|DX5121 | B11: DUXONE | C11: DX5121 | D11: DX5121 | G11: EFFECT BROWN | I11: EFFECT BROWN | J11: Przezroczysty pigment Najbardziej czerwonawy pigment z rodziny tlenków trans Ciemniejszy i bardziej zielonkawy odcień patrząc „pod dużym kątem” niż DX5126 oraz DX5122 | K11: g | L11: Solid | M11: OK | O11: PDF_DUXONE | P11: NIE | Q11: TAK | S11: Przezroczysty pigment Najbardziej czerwonawy pigment z rodziny tlenków trans Ciemniejszy i bardziej zielonkawy odcień patrząc „pod dużym kątem” niż DX5126 oraz DX5122
A12: DUXONE|DX5122 | B12: DUXONE | C12: DX5122 | D12: DX5122 | G12: EFFECT BROWN RED | I12: EFFECT BROWN RED | J12: Przezroczysty pigment Czerwony patrząc „pod dużym kątem” i „na wprost” Czerwony w świetle żarówkowym | K12: g | L12: Solid | M12: OK | O12: PDF_DUXONE | P12: NIE | Q12: TAK | S12: Przezroczysty pigment Czerwony patrząc „pod dużym kątem” i „na wprost” Czerwony w świetle żarówkowym
A13: DUXONE|DX5123 | B13: DUXONE | C13: DX5123 | D13: DX5123 | G13: TRANSPARENT MAROON | I13: TRANSPARENT MAROON | J13: Przezroczysty, czerwony komponent Taki sam jak DX5147, ale bardziej czerwony i bardziej niebieski | K13: g | L13: Solid | M13: OK | O13: PDF_DUXONE | P13: NIE | Q13: TAK | S13: Przezroczysty, czerwony komponent Taki sam jak DX5147, ale bardziej czerwony i bardziej niebieski
A14: DUXONE|DX5126 | B14: DUXONE | C14: DX5126 | D14: DX5126 | G14: EFFECT OCRE | I14: EFFECT OCRE | J14: Przezroczysty pigment Najbardziej żółtawy brąz Zielony/żółty odcień i jasny czerwony patrząc „pod dużym kątem” | K14: g | L14: Solid | M14: OK | O14: PDF_DUXONE | P14: NIE | Q14: TAK | S14: Przezroczysty pigment Najbardziej żółtawy brąz Zielony/żółty odcień i jasny czerwony patrząc „pod dużym kątem”
A15: DUXONE|DX5130 | B15: DUXONE | C15: DX5130 | D15: DX5130 | G15: WHITE HS | I15: WHITE HS | K15: g | L15: Solid | M15: OK | O15: PDF_DUXONE | P15: NIE | Q15: TAK
A16: DUXONE|DX5134 | B16: DUXONE | C16: DX5134 | D16: DX5134 | G16: EFFECT WHITE | I16: EFFECT WHITE | J16: Jest używany w kolorach z efektem aby uzyskać kolor bardziej żołty patrząc „pod kątem” oraz bardziej niebieski i jaśniejszy patrząc „pod dużym kątem” (flop) Nie używać więcej niż 40% na wagę receptury by uniknąć problemów z trwałością Dodatki modyfikujące | K16: g | L16: Modyfikator | M16: OK | O16: PDF_DUXONE | P16: NIE | Q16: TAK | S16: Jest używany w kolorach z efektem aby uzyskać kolor bardziej żołty patrząc „pod kątem” oraz bardziej niebieski i jaśniejszy patrząc „pod dużym kątem” (flop) Nie używać więcej niż 40% na wagę receptury by uniknąć problemów z trwałością Dodatki modyfikujące
A17: DUXONE|DX5136 | B17: DUXONE | C17: DX5136 | D17: DX5136 | G17: Metallic Adjuster | I17: Metallic Adjuster | J17: Tylko do użycia w kolorach metalicznych i perłowych. Powoduje ściemnienie koloru przy paotrzeniu „pod kątem” (NRSP) Skutki uboczne: Spowoduje rozjaśnienie „pod dużym katem” i płatki aluminium staną się jaśniejsze. Ponieważ płatki aluminium staną się jaśniejsze, może istnieć konieczność udania się po drobniejsze aluminium. Maksimum 12% w całkowitej wadze formuły koloru Procedura aplikacji próbek kolorów Duxone® : 1. Dokładnie wybrać odpowiedni kolor we właściwym miejscu na samochodzie, na prawidłowo oświetlanej powierzchni (w razie potrzeby mogą być użyte różne źródła światła, w celu osiągnięcia właściwego koloru). 2. Użyj dokumentacji Variant Color Documentation korzystając z wzorca koloru, który musi być w dobrym stanie. 3. Użyj pistoletu natryskowego przy właściwych ustawieniach (otwarcie i ciśnienie na wejściu do pistoletu) 4. Należy ustawić pistolet natryskowy na całkowite otwarcie wydatku materiału w pistolecie i nie modyfikować kształtu natrysku po ustawieniu pistoletu (próbka koloru jest nakładana za pomocą pistoletu "całkowicie otwartego"). 1.2 Wykonywanie próbek kolorów Aplikacja & Korygowanie 1.2 Wykonywanie próbek kolorów Aplikacja & Korygowanie Procedura aplikacji próbek kolorów Duxone® : 5. Użyj próbki kolorów o minimalnych wymiarach10x15 cm (nie należy stosować mniejszych próbek, ponieważ są zbyt wrażliwe na wahania aplikacji). 6. Nanoś bazę Duxone® na całym panelu (od góry do dołu, z użyciem 50% zakładki). 7. Pozostawić do wyschnięcia. Przestrzegać zaleceń do suszenia lakieru bazowego, gdzie jest maksymalna temperatura = 40ºC. 8. Przed oceną koloru należy nanieść lakier bezbarwny. 1.2 Wykonywanie próbek kolorów Aplikacja & Korygowanie Co nie powinno się zdarzyć przy wykonywaniu próbki koloru: 1. Nie zmieniaj kształtu natrysku w czasie aplikacji koloru na próbkę. Inny kształt = inne ciśnienie = inna atomizacja (rozpylenie). 2. Nie odmuchuj dla wysuszenia panelu przy użyciu pistoletu natryskowego, to może wywołać przepływ powietrza 13 m/s. 3. Nie nagrzewaj panelu powyżej 40°C. 4. Nie aplikuj lakieru bazowego zbyt mokro, lecz próbuj uzyskać mokry film na panelu w zgodzie z tym, co można uzyskać na samochodzie. 15 Jak obserwować kolor? Kolor a kąt patrzenia „na wprost” – źródło światła jest nad obserwatorem 45° „pod kątem” – źródło światła jest nad obserwatorem 15° „pod dużym kątem” – źródło światła jest za obserwatorem 110° DX5… DX51.. → Komponenty Solid DX52.. → Komponenty Aluminiowe & Perlowe DX53.. → Komponenty Xirallic DX01.. ALUMINIOWE Komponenty Solid SOLID Komponenty perłowe XIRALLIC PERŁOWE & XIRALLIC | K17: g | L17: Modyfikator | M17: OK | O17: PDF_DUXONE | P17: NIE | Q17: TAK | S17: Tylko do użycia w kolorach metalicznych i perłowych. Powoduje ściemnienie koloru przy paotrzeniu „pod kątem” (NRSP) Skutki uboczne: Spowoduje rozjaśnienie „pod dużym katem” i płatki aluminium staną się jaśniejsze. Ponieważ płatki aluminium staną się jaśniejsze, może istnieć konieczność udania się po drobniejsze aluminium. Maksimum 12% w całkowitej wadze formuły koloru Procedura aplikacji próbek kolorów Duxone® : 1. Dokładnie wybrać odpowiedni kolor we właściwym miejscu na samochodzie, na prawidłowo oświetlanej powierzchni (w razie potrzeby mogą być użyte różne źródła światła, w celu osiągnięcia właściwego koloru). 2. Użyj dokumentacji Variant Color Documentation korzystając z wzorca koloru, który musi być w dobrym stanie. 3. Użyj pistoletu natryskowego przy właściwych ustawieniach (otwarcie i ciśnienie na wejściu do pistoletu) 4. Należy ustawić pistolet natryskowy na całkowite otwarcie wydatku materiału w pistolecie i nie modyfikować kształtu natrysku po ustawieniu pistoletu (próbka koloru jest nakładana za pomocą pistoletu "całkowicie otwartego"). 1.2 Wykonywanie próbek kolorów Aplikacja & Korygowanie 1.2 Wykonywanie próbek kolorów Aplikacja & Korygowanie Procedura aplikacji próbek kolorów Duxone® : 5. Użyj próbki kolorów o minimalnych wymiarach10x15 cm (nie należy stosować mniejszych próbek, ponieważ są zbyt wrażliwe na wahania aplikacji). 6. Nanoś bazę Duxone® na całym panelu (od góry do dołu, z użyciem 50% zakładki). 7. Pozostawić do wyschnięcia. Przestrzegać zaleceń do suszenia lakieru bazowego, gdzie jest maksymalna temperatura = 40ºC. 8. Przed oceną koloru należy nanieść lakier bezbarwny. 1.2 Wykonywanie próbek kolorów Aplikacja & Korygowanie Co nie powinno się zdarzyć przy wykonywaniu próbki koloru: 1. Nie zmieniaj kształtu natrysku w czasie aplikacji koloru na próbkę. Inny kształt = inne ciśnienie = inna atomizacja (rozpylenie). 2. Nie odmuchuj dla wysuszenia panelu przy użyciu pistoletu natryskowego, to może wywołać przepływ powietrza 13 m/s. 3. Nie nagrzewaj panelu powyżej 40°C. 4. Nie aplikuj lakieru bazowego zbyt mokro, lecz próbuj uzyskać mokry film na panelu w zgodzie z tym, co można uzyskać na samochodzie. 15 Jak obserwować kolor? Kolor a kąt patrzenia „na wprost” – źródło światła jest nad obserwatorem 45° „pod kątem” – źródło światła jest nad obserwatorem 15° „pod dużym kątem” – źródło światła jest za obserwatorem 110° DX5… DX51.. → Komponenty Solid DX52.. → Komponenty Aluminiowe & Perlowe DX53.. → Komponenty Xirallic DX01.. ALUMINIOWE Komponenty Solid SOLID Komponenty perłowe XIRALLIC PERŁOWE & XIRALLIC
A18: DUXONE|DX5161 | B18: DUXONE | C18: DX5161 | D18: DX5161 | G18: ORANGE | I18: ORANGE | J18: Bardzo przezroczysty „pod kątem” (15°) Bardzo czysty pomarańczowy Ciemny pomarańczowy komponent w świetle żarówkowym | K18: g | L18: Solid | M18: OK | O18: PDF_DUXONE | P18: NIE | Q18: TAK | S18: Bardzo przezroczysty „pod kątem” (15°) Bardzo czysty pomarańczowy Ciemny pomarańczowy komponent w świetle żarówkowym
A19: DUXONE|DX5143 | B19: DUXONE | C19: DX5143 | D19: DX5143 | G19: RED | I19: RED | J19: Używać w kolorach metalicznych tylko w razie konieczności Substytut dla pigmentów zawierających ołów Ciemny pomarańczowy komponent w świetle sodowym | K19: g | L19: Solid | M19: OK | O19: PDF_DUXONE | P19: NIE | Q19: TAK | S19: Używać w kolorach metalicznych tylko w razie konieczności Substytut dla pigmentów zawierających ołów Ciemny pomarańczowy komponent w świetle sodowym
A20: DUXONE|DX5144 | B20: DUXONE | C20: DX5144 | D20: DX5144 | G20: DARK RED | I20: DARK RED | J20: Nasycony, kryjący czerwony komponent Przeważnie używany w kolorach Solid Może być używany w małych ilościach w kolorach z efektem do wytworzenia czystego, jasnego czerwonego flopu (patrząc „pod duzym kątem”) | K20: g | L20: Solid | M20: OK | O20: PDF_DUXONE | P20: NIE | Q20: TAK | S20: Nasycony, kryjący czerwony komponent Przeważnie używany w kolorach Solid Może być używany w małych ilościach w kolorach z efektem do wytworzenia czystego, jasnego czerwonego flopu (patrząc „pod duzym kątem”)
A21: DUXONE|DX5145 | B21: DUXONE | C21: DX5145 | D21: DX5145 | G21: PINK RED | I21: PINK RED | J21: Czysty czerwony o niebieskim odcieniu Mniej czerwonawy pigment w świetle żarówkowym w przeciwieństwie do DX5146 i DX5189 Jeśłi zamieniasz DX5146 lub DX5189 na DX5145: zmniejsz stężenie o 5% i zwiększ stężenie DX5110 o 10% | K21: g | L21: Solid | M21: OK | O21: PDF_DUXONE | P21: NIE | Q21: TAK | S21: Czysty czerwony o niebieskim odcieniu Mniej czerwonawy pigment w świetle żarówkowym w przeciwieństwie do DX5146 i DX5189 Jeśłi zamieniasz DX5146 lub DX5189 na DX5145: zmniejsz stężenie o 5% i zwiększ stężenie DX5110 o 10%
A22: DUXONE|DX5142 | B22: DUXONE | C22: DX5142 | D22: DX5142 | G22: FLAMING RED | I22: FLAMING RED | J22: Przezroczysty czerwony Podobny do DX5123 ale bardziej niebieski odcień. Bardzo jasny i czysty pod żródłem światła lampy (F11) | K22: g | L22: Solid | M22: OK | O22: PDF_DUXONE | P22: NIE | Q22: TAK | S22: Przezroczysty czerwony Podobny do DX5123 ale bardziej niebieski odcień. Bardzo jasny i czysty pod żródłem światła lampy (F11)
A23: DUXONE|DX5146 | B23: DUXONE | C23: DX5146 | D23: DX5146 | G23: MAGENTA RED | I23: MAGENTA RED | J23: Czerwony o niebieskim odcieniu, przezroczysty komponent DX5146 jest mniej nienasycony od DX5189 Najbardziej czerwony czerwony komponent patrząc „pod dużym kątem” (flop) Bardziej przezroczysty od DX5189 | K23: g | L23: Solid | M23: OK | O23: PDF_DUXONE | P23: NIE | Q23: TAK | S23: Czerwony o niebieskim odcieniu, przezroczysty komponent DX5146 jest mniej nienasycony od DX5189 Najbardziej czerwony czerwony komponent patrząc „pod dużym kątem” (flop) Bardziej przezroczysty od DX5189
A24: DUXONE|DX5147 | B24: DUXONE | C24: DX5147 | D24: DX5147 | G24: LIGHT RED | I24: LIGHT RED | J24: Przezroczysty, czerwony komponent (żywy, nasycony pomarańczowy) Nasycony czerwony o żółtym odcieniu pod każdym kątem | K24: g | L24: Solid | M24: OK | O24: PDF_DUXONE | P24: NIE | Q24: TAK | S24: Przezroczysty, czerwony komponent (żywy, nasycony pomarańczowy) Nasycony czerwony o żółtym odcieniu pod każdym kątem
A25: DUXONE|DX5149 | B25: DUXONE | C25: DX5149 | D25: DX5149 | G25: BRIGHT RED | I25: BRIGHT RED | J25: Bardziej czerwonawy pigment w świetle dziennym (D65) Ciemny w świetle sodowym | K25: g | L25: Solid | M25: OK | O25: PDF_DUXONE | P25: NIE | Q25: TAK | S25: Bardziej czerwonawy pigment w świetle dziennym (D65) Ciemny w świetle sodowym
A26: DUXONE|DX5155 | B26: DUXONE | C26: DX5155 | D26: DX5155 | K26: g | L26: Solid | M26: DO WERYFIKACJI | N26: Brak nazwy w PDF dobarwiania i w ODS | O26: BRAK | P26: NIE | Q26: TAK
A27: DUXONE|DX5162 | B27: DUXONE | C27: DX5162 | D27: DX5162 | G27: YELLOW ORANGE (LEAD FREE) | I27: YELLOW ORANGE (LEAD FREE) | J27: Kryjacy komponent dla kolorów solid Stosowany w małych ilościach w kolorach z efektem do uzyskania bardzo zielonego i jasnego wyglądu „pod dużym kątem” (flop) Zielony w świetle żarówkowym | K27: g | L27: Solid | M27: OK | O27: PDF_DUXONE | P27: NIE | Q27: TAK | S27: Kryjacy komponent dla kolorów solid Stosowany w małych ilościach w kolorach z efektem do uzyskania bardzo zielonego i jasnego wyglądu „pod dużym kątem” (flop) Zielony w świetle żarówkowym
A28: DUXONE|DX5163 | B28: DUXONE | C28: DX5163 | D28: DX5163 | G28: EFFECT YELLOW (LEAD FREE) | I28: EFFECT YELLOW (LEAD FREE) | J28: Przezroczysty żółty komponent (żywy, nasycony czerwony) Żółty z czerwonym odcieniem w świetle dziennym (D65) Zielony efekt w świetle żarówkowym Ten komponent jest bardziej nasycony jak DX5162 Do użytku z kolorami metalicznymi | K28: g | L28: Solid | M28: OK | O28: PDF_DUXONE | P28: NIE | Q28: TAK | S28: Przezroczysty żółty komponent (żywy, nasycony czerwony) Żółty z czerwonym odcieniem w świetle dziennym (D65) Zielony efekt w świetle żarówkowym Ten komponent jest bardziej nasycony jak DX5162 Do użytku z kolorami metalicznymi
A29: DUXONE|DX5166 | B29: DUXONE | C29: DX5166 | D29: DX5166 | G29: EFFECT LIGHT YELLOW (LEAD FREE) | I29: EFFECT LIGHT YELLOW (LEAD FREE) | J29: Przezroczysty żółty odcień Najbardziej czerwonawy żółty komponent w świetle żarówkowym Staje się jaśniejszy w oświetleniu sodowym | K29: g | L29: Solid | M29: OK | O29: PDF_DUXONE | P29: NIE | Q29: TAK | S29: Przezroczysty żółty odcień Najbardziej czerwonawy żółty komponent w świetle żarówkowym Staje się jaśniejszy w oświetleniu sodowym
A30: DUXONE|DX5167 | B30: DUXONE | C30: DX5167 | D30: DX5167 | G30: YELLOW (LEAD FREE) | I30: YELLOW (LEAD FREE) | J30: Kryjący komponent dla kolorów solid Nasycony żółty odcień Najciemniejszy żółty w oświetleniu sodowym | K30: g | L30: Solid | M30: OK | O30: PDF_DUXONE | P30: NIE | Q30: TAK | S30: Kryjący komponent dla kolorów solid Nasycony żółty odcień Najciemniejszy żółty w oświetleniu sodowym
A31: DUXONE|DX5168 | B31: DUXONE | C31: DX5168 | D31: DX5168 | G31: YELLOW BROWN | I31: YELLOW BROWN | J31: Kryjący komponent o zielono / żółtym odcieniu Może być używany w małych ilościach do kolorów z efektem dla uzyskania jasnego i żółtego wyglądu „pod dużym kątem” (flop) | K31: g | L31: Solid | M31: OK | O31: PDF_DUXONE | P31: NIE | Q31: TAK | S31: Kryjący komponent o zielono / żółtym odcieniu Może być używany w małych ilościach do kolorów z efektem dla uzyskania jasnego i żółtego wyglądu „pod dużym kątem” (flop)
A32: DUXONE|DX5171 | B32: DUXONE | C32: DX5171 | D32: DX5171 | G32: YELLOW GREEN | I32: YELLOW GREEN | J32: Jaśniejszy od DX5172 patrząc „pod dużym kątem” Zielony z odcieniem żółtego | K32: g | L32: Solid | M32: OK | O32: PDF_DUXONE | P32: NIE | Q32: TAK | S32: Jaśniejszy od DX5172 patrząc „pod dużym kątem” Zielony z odcieniem żółtego
A33: DUXONE|DX5172 | B33: DUXONE | C33: DX5172 | D33: DX5172 | G33: GREEN | I33: GREEN | J33: Zielony z odcieniem niebieskiego | K33: g | L33: Solid | M33: OK | O33: PDF_DUXONE | P33: NIE | Q33: TAK | S33: Zielony z odcieniem niebieskiego
A34: DUXONE|DX5173 | B34: DUXONE | C34: DX5173 | D34: DX5173 | G34: BRIGHT GREEN | I34: BRIGHT GREEN | J34: Przezroczysty zielony z odcieniem żółtego Zielono-żółty w świetle dziennym (D65) i czerwonawy efekt w świetle żarówkowym w kolorach metalicznych Może być używany z kolorami Solid w dużych ilościach (jeśli jest taka potrzeba) | K34: g | L34: Solid | M34: OK | O34: PDF_DUXONE | P34: NIE | Q34: TAK | S34: Przezroczysty zielony z odcieniem żółtego Zielono-żółty w świetle dziennym (D65) i czerwonawy efekt w świetle żarówkowym w kolorach metalicznych Może być używany z kolorami Solid w dużych ilościach (jeśli jest taka potrzeba)
A35: DUXONE|DX5174 | B35: DUXONE | C35: DX5174 | D35: DX5174 | G35: GOLD GREEN | I35: GOLD GREEN | J35: Nasycony, przezroczysty zielony z zółtym odcieniem Podobny do DX5173 ale bardziej nasycony i czystrzy | K35: g | L35: Solid | M35: OK | O35: PDF_DUXONE | P35: NIE | Q35: TAK | S35: Nasycony, przezroczysty zielony z zółtym odcieniem Podobny do DX5173 ale bardziej nasycony i czystrzy
A36: DUXONE|DX5181 | B36: DUXONE | C36: DX5181 | D36: DX5181 | G36: GREEN BLUE | I36: GREEN BLUE | J36: Zielony w świetle dziennym (D65) Staje się bardziej zielony w świetle żarówkowym Zielony patrząc „na wprost” Zielony Czerwony | K36: g | L36: Solid | M36: OK | O36: PDF_DUXONE | P36: NIE | Q36: TAK | S36: Zielony w świetle dziennym (D65) Staje się bardziej zielony w świetle żarówkowym Zielony patrząc „na wprost” Zielony Czerwony
A37: DUXONE|DX5182 | B37: DUXONE | C37: DX5182 | D37: DX5182 | G37: EFFECT BLUE | I37: EFFECT BLUE | J37: Niebieski z zielonym odcieniem „pod dużym kątem” (flop) Czerwony patrząc „na wprost” | K37: g | L37: Solid | M37: OK | O37: PDF_DUXONE | P37: NIE | Q37: TAK | S37: Niebieski z zielonym odcieniem „pod dużym kątem” (flop) Czerwony patrząc „na wprost”
A38: DUXONE|DX5184 | B38: DUXONE | C38: DX5184 | D38: DX5184 | G38: „Pod kątem” | I38: „Pod kątem” | J38: „Na wprost” „Pod dużym kątem” Ogólnie - Światło dzienne (D65) / światło słoneczne | K38: g | L38: Solid | M38: OK | O38: PDF_DUXONE | P38: NIE | Q38: TAK | S38: „Na wprost” „Pod dużym kątem” Ogólnie - Światło dzienne (D65) / światło słoneczne
... A47: DUXONE|DX5215 | B47: DUXONE | C47: DX5215 | D47: DX5215 | G47: FINE SILVER | I47: FINE SILVER | J47: Przejrzysty (czysty) patrząc „na wprost” Jasny pod 3 kątami widzenia | K47: g | L47: Aluminium | M47: OK | O47: PDF_DUXONE | P47: NIE | Q47: TAK | S47: Przejrzysty (czysty) patrząc „na wprost” Jasny pod 3 kątami widzenia
A48: DUXONE|DX5216 | B48: DUXONE | C48: DX5216 | D48: DX5216 | K48: g | L48: Aluminium | M48: DO WERYFIKACJI | N48: Brak nazwy w PDF dobarwiania i w ODS | O48: BRAK | P48: NIE | Q48: TAK
A49: DUXONE|DX5217 | B49: DUXONE | C49: DX5217 | D49: DX5217 | G49: EXTRA FINE SILVER | I49: EXTRA FINE SILVER | J49: Jasny patrząc „na wprost” i brudny (rozmyty) „pod dużym kątem” Ciemny patrząc „pod kątem” | K49: g | L49: Aluminium | M49: OK | O49: PDF_DUXONE | P49: NIE | Q49: TAK | S49: Jasny patrząc „na wprost” i brudny (rozmyty) „pod dużym kątem” Ciemny patrząc „pod kątem”
A50: DUXONE|DX5221 | B50: DUXONE | C50: DX5221 | D50: DX5221 | G50: COARSE BRIGHT SILVER | I50: COARSE BRIGHT SILVER | J50: Taki sam jak DX5223, ale jaśniejszy Komponent aluminium „silver dollar” | K50: g | L50: Aluminium | M50: OK | O50: PDF_DUXONE | P50: NIE | Q50: TAK | S50: Taki sam jak DX5223, ale jaśniejszy Komponent aluminium „silver dollar”
A51: DUXONE|DX5223 | B51: DUXONE | C51: DX5223 | D51: DX5223 | G51: MEDIUM BRIGHT SILVER | I51: MEDIUM BRIGHT SILVER | J51: Bardzo jasny patrząc „pod kątem” i ciemniejszy „pod dużym kątem” | K51: g | L51: Aluminium | M51: OK | O51: PDF_DUXONE | P51: NIE | Q51: TAK | S51: Bardzo jasny patrząc „pod kątem” i ciemniejszy „pod dużym kątem”
A52: DUXONE|DX5224 | B52: DUXONE | C52: DX5224 | D52: DX5224 | G52: GOLD ALU | I52: GOLD ALU | J52: Aluminium pokryte tlenkiem żelaza (żółty) Wielkość ziarna podobna do DX5215 Jaśniejszy patrząc „pod kątem” i czerwony „pod dużym kątem” (flop) | K52: g | L52: Aluminium | M52: OK | O52: PDF_DUXONE | P52: NIE | Q52: TAK | S52: Aluminium pokryte tlenkiem żelaza (żółty) Wielkość ziarna podobna do DX5215 Jaśniejszy patrząc „pod kątem” i czerwony „pod dużym kątem” (flop)
A53: DUXONE|DX5225 | B53: DUXONE | C53: DX5225 | D53: DX5225 | G53: ORANGE ALU | I53: ORANGE ALU | J53: Aluminium pokryte tlenkiem żelaza (pomarańczowy) Wielkość ziarna identyczna jak w DX5215 Jaśniejszy patrząc „pod kątem” i czerwony „pod dużym kątem” (flop) | K53: g | L53: Aluminium | M53: OK | O53: PDF_DUXONE | P53: NIE | Q53: TAK | S53: Aluminium pokryte tlenkiem żelaza (pomarańczowy) Wielkość ziarna identyczna jak w DX5215 Jaśniejszy patrząc „pod kątem” i czerwony „pod dużym kątem” (flop)
A54: DUXONE|DX5226 | B54: DUXONE | C54: DX5226 | D54: DX5226 | G54: FINE EXTRA BRIGHT ALU | I54: FINE EXTRA BRIGHT ALU | J54: Komponent aluminium „silver dollar”; nowszy typ od DX5223 i DX5221 Drobne ziarno w świetle dziennym, ale bardziej skrzący się w świetle słonecznym Bardzo jasny patrząc „pod kątem” i ciemniejszy „pod dużym kątem” (flop) | K54: g | L54: Aluminium | M54: OK | O54: PDF_DUXONE | P54: NIE | Q54: TAK | S54: Komponent aluminium „silver dollar”; nowszy typ od DX5223 i DX5221 Drobne ziarno w świetle dziennym, ale bardziej skrzący się w świetle słonecznym Bardzo jasny patrząc „pod kątem” i ciemniejszy „pod dużym kątem” (flop)
A55: DUXONE|DX5227 | B55: DUXONE | C55: DX5227 | D55: DX5227 | G55: MEDIUM FINE BRIGHT ALU | I55: MEDIUM FINE BRIGHT ALU | J55: Takie same właściwości jak DX5226, ale jaśniejszy w świetle słonecznym DROBNE ZIARNO GRUBE ZIARNO | K55: g | L55: Aluminium | M55: OK | O55: PDF_DUXONE | P55: NIE | Q55: TAK | S55: Takie same właściwości jak DX5226, ale jaśniejszy w świetle słonecznym DROBNE ZIARNO GRUBE ZIARNO
A56: DUXONE|DX5231 | B56: DUXONE | C56: DX5231 | D56: DX5231 | G56: SILVER PEARL | I56: SILVER PEARL | J56: Półprzezroczysty Średnia wielkość ziarna | K56: g | L56: Perła | M56: OK | O56: PDF_DUXONE | P56: NIE | Q56: TAK | S56: Półprzezroczysty Średnia wielkość ziarna
A57: DUXONE|DX5232 | B57: DUXONE | C57: DX5232 | D57: DX5232 | G57: FINE SILVER PEARL | I57: FINE SILVER PEARL | J57: Półprzezroczysty Drobna wielkość ziarna Ciemny patrząc „na wprost” i jaśniejszy patrząc „pod dużym kątem” (flop) jak DX5231 | K57: g | L57: Perła | M57: OK | O57: PDF_DUXONE | P57: NIE | Q57: TAK | S57: Półprzezroczysty Drobna wielkość ziarna Ciemny patrząc „na wprost” i jaśniejszy patrząc „pod dużym kątem” (flop) jak DX5231
A58: DUXONE|DX5241 | B58: DUXONE | C58: DX5241 | D58: DX5241 | G58: RED PEARL | I58: RED PEARL | J58: Średniej wielkości ziarno Efekt koloru czerwonego pod każdym kątem | K58: g | L58: Perła | M58: OK | O58: PDF_DUXONE | P58: NIE | Q58: TAK | S58: Średniej wielkości ziarno Efekt koloru czerwonego pod każdym kątem
A59: DUXONE|DX5242 | B59: DUXONE | C59: DX5242 | D59: DX5242 | G59: FINE RED PEARL | I59: FINE RED PEARL | J59: Średnia-drobna wielkość ziarna Efekt kolorystyczny taki sam jak w DX5241, ale ze względu na drobniejsza wielkość ziarna w DX5242 nasycenie jest mniej jasne, a wygląd ciemniejszy patrząc „na wprost” i jaśniejszy „pod dużym kątem” (flop) | K59: g | L59: Perła | M59: OK | O59: PDF_DUXONE | P59: NIE | Q59: TAK | S59: Średnia-drobna wielkość ziarna Efekt kolorystyczny taki sam jak w DX5241, ale ze względu na drobniejsza wielkość ziarna w DX5242 nasycenie jest mniej jasne, a wygląd ciemniejszy patrząc „na wprost” i jaśniejszy „pod dużym kątem” (flop)
A60: DUXONE|DX5243 | B60: DUXONE | C60: DX5243 | D60: DX5243 | G60: SUPER RED PEARL | I60: SUPER RED PEARL | J60: Półprzezroczysty Średniej wielkości ziarno Czerwony patrząc „na wpros” a bardzo zielony „pod dużym kątem” (flop) | K60: g | L60: Perła | M60: OK | O60: PDF_DUXONE | P60: NIE | Q60: TAK | S60: Półprzezroczysty Średniej wielkości ziarno Czerwony patrząc „na wpros” a bardzo zielony „pod dużym kątem” (flop)
... A75: DUXONE|DX0132 | B75: DUXONE | C75: DX0132 | D75: DX0132 | G75: WHITE (KOMPONENT O MAŁEJ SILE KRYCIA) | I75: WHITE (KOMPONENT O MAŁEJ SILE KRYCIA) | J75: Sprawia, że kolor solidowy jest jaśniejszy Może być używany w małych ilościach w kolorach z efektem do rozjaśnienia koloru „pod dużym kątem” (flop) i ściemnienia „pod kątem”. Zamień DX5130 na DX0132 gdy stężenie DX5130 jest mniejsze niż 0.45% całości wagi receptury; kiedy stężenie komponentu DX0132 jest większe niż 8%, zastosuj DX5130 Zamień DX5130 na DX0132: stężenie DX5130 x 10 | K75: g | L75: Niska siła krycia | M75: OK | O75: PDF_DUXONE | P75: NIE | Q75: TAK | S75: Sprawia, że kolor solidowy jest jaśniejszy Może być używany w małych ilościach w kolorach z efektem do rozjaśnienia koloru „pod dużym kątem” (flop) i ściemnienia „pod kątem”. Zamień DX5130 na DX0132 gdy stężenie DX5130 jest mniejsze niż 0.45% całości wagi receptury; kiedy stężenie komponentu DX0132 jest większe niż 8%, zastosuj DX5130 Zamień DX5130 na DX0132: stężenie DX5130 x 10
A76: DUXONE|DX11 | B76: DUXONE | C76: DX11 | D76: DX11 | K76: g | L76: Dodatek | M76: DO WERYFIKACJI | N76: Brak nazwy w PDF dobarwiania i w ODS | O76: BRAK | P76: NIE | Q76: TAK
A77: DUXONE|AXT100 | B77: DUXONE | C77: AXT100 | D77: AXT100 | K77: g | L77: Dodatek do lakieru bezbarwnego | M77: DO WERYFIKACJI | N77: Brak nazwy w PDF dobarwiania i w ODS | O77: BRAK | P77: NIE | Q77: TAK
A78: DUXONE|AXT101 | B78: DUXONE | C78: AXT101 | D78: AXT101 | K78: g | L78: Dodatek do lakieru bezbarwnego | M78: DO WERYFIKACJI | N78: Brak nazwy w PDF dobarwiania i w ODS | O78: BRAK | P78: NIE | Q78: TAK
A79: DUXONE|AXT102 | B79: DUXONE | C79: AXT102 | D79: AXT102 | K79: g | L79: Dodatek do lakieru bezbarwnego | M79: DO WERYFIKACJI | N79: Brak nazwy w PDF dobarwiania i w ODS | O79: BRAK | P79: NIE | Q79: TAK
A80: DUXONE|AXT103 | B80: DUXONE | C80: AXT103 | D80: AXT103 | K80: g | L80: Dodatek do lakieru bezbarwnego | M80: DO WERYFIKACJI | N80: Brak nazwy w PDF dobarwiania i w ODS | O80: BRAK | P80: NIE | Q80: TAK
A81: DUXONE|AXT104 | B81: DUXONE | C81: AXT104 | D81: AXT104 | K81: g | L81: Dodatek do lakieru bezbarwnego | M81: DO WERYFIKACJI | N81: Brak nazwy w PDF dobarwiania i w ODS | O81: BRAK | P81: NIE | Q81: TAK
A82: DUXONE|AXT105 | B82: DUXONE | C82: AXT105 | D82: AXT105 | K82: g | L82: Dodatek do lakieru bezbarwnego | M82: DO WERYFIKACJI | N82: Brak nazwy w PDF dobarwiania i w ODS | O82: BRAK | P82: NIE | Q82: TAK
A83: DUXONE|AXT106 | B83: DUXONE | C83: AXT106 | D83: AXT106 | K83: g | L83: Dodatek do lakieru bezbarwnego | M83: DO WERYFIKACJI | N83: Brak nazwy w PDF dobarwiania i w ODS | O83: BRAK | P83: NIE | Q83: TAK
A84: DUXONE|AXT107 | B84: DUXONE | C84: AXT107 | D84: AXT107 | K84: g | L84: Dodatek do lakieru bezbarwnego | M84: DO WERYFIKACJI | N84: Brak nazwy w PDF dobarwiania i w ODS | O84: BRAK | P84: NIE | Q84: TAK
A85: DUXONE|AXT108 | B85: DUXONE | C85: AXT108 | D85: AXT108 | K85: g | L85: Dodatek do lakieru bezbarwnego | M85: DO WERYFIKACJI | N85: Brak nazwy w PDF dobarwiania i w ODS | O85: BRAK | P85: NIE | Q85: TAK
A86: DUXONE|AXT109 | B86: DUXONE | C86: AXT109 | D86: AXT109 | K86: g | L86: Dodatek do lakieru bezbarwnego | M86: DO WERYFIKACJI | N86: Brak nazwy w PDF dobarwiania i w ODS | O86: BRAK | P86: NIE | Q86: TAK
A87: DUXONE|AXT110 | B87: DUXONE | C87: AXT110 | D87: AXT110 | K87: g | L87: Dodatek do lakieru bezbarwnego | M87: DO WERYFIKACJI | N87: Brak nazwy w PDF dobarwiania i w ODS | O87: BRAK | P87: NIE | Q87: TAK

Sheet PIGMENTY
A1: PIGMENTY — wspólna baza wyszukiwania
A2: Filtruj kolumnę SYSTEM (AUTOCOLOR / DUXONE) oraz NR / NAZWA. AUTOCOLOR 123 i DUXONE 123 to dwa różne pigmenty. Opisy dobarwiania Autocolor — po polsku.
A4: INSTRUKCJA | B4: Włącz filtry w wierszu 8. SYSTEM: AUTOCOLOR lub DUXONE. Wyszukaj numer lub nazwę. Nie wpisuj numerów ręcznie w recepturze — wybierz SYSTEM, potem NR z listy rozwijanej. AUTOCOLOR: nazwa katalogowa EN, opis działania PL (kolumna OPIS_DOBARWIANIA).
A8: KLUCZ | B8: SYSTEM | C8: NR_PIGMENTU | D8: NAZWA | E8: JEDNOSTKA | F8: CZYNNIK_E | G8: KATEGORIA | H8: STATUS_DANYCH | I8: OPIS_DOBARWIANIA | J8: ZRODLO_NAZWY | K8: NAZWA_ODS | L8: NAZWA_PDF | M8: OPIS_EN | N8: OPIS_DZIALANIA_PL
A9: =BAZA_AUTOCOLOR!A9 | B9: =BAZA_AUTOCOLOR!B9 | C9: =BAZA_AUTOCOLOR!C9 | D9: =BAZA_AUTOCOLOR!G9 | E9: =BAZA_AUTOCOLOR!K9 | F9: =BAZA_AUTOCOLOR!F9 | G9: =BAZA_AUTOCOLOR!L9 | H9: =BAZA_AUTOCOLOR!M9 | I9: =BAZA_AUTOCOLOR!J9 | J9: =BAZA_AUTOCOLOR!O9 | K9: =BAZA_AUTOCOLOR!H9 | L9: =BAZA_AUTOCOLOR!I9 | M9: =BAZA_AUTOCOLOR!R9 | N9: =BAZA_AUTOCOLOR!S9
A10: =BAZA_AUTOCOLOR!A10 | B10: =BAZA_AUTOCOLOR!B10 | C10: =BAZA_AUTOCOLOR!C10 | D10: =BAZA_AUTOCOLOR!G10 | E10: =BAZA_AUTOCOLOR!K10 | F10: =BAZA_AUTOCOLOR!F10 | G10: =BAZA_AUTOCOLOR!L10 | H10: =BAZA_AUTOCOLOR!M10 | I10: =BAZA_AUTOCOLOR!J10 | J10: =BAZA_AUTOCOLOR!O10 | K10: =BAZA_AUTOCOLOR!H10 | L10: =BAZA_AUTOCOLOR!I10 | M10: =BAZA_AUTOCOLOR!R10 | N10: =BAZA_AUTOCOLOR!S10
A11: =BAZA_AUTOCOLOR!A11 | B11: =BAZA_AUTOCOLOR!B11 | C11: =BAZA_AUTOCOLOR!C11 | D11: =BAZA_AUTOCOLOR!G11 | E11: =BAZA_AUTOCOLOR!K11 | F11: =BAZA_AUTOCOLOR!F11 | G11: =BAZA_AUTOCOLOR!L11 | H11: =BAZA_AUTOCOLOR!M11 | I11: =BAZA_AUTOCOLOR!J11 | J11: =BAZA_AUTOCOLOR!O11 | K11: =BAZA_AUTOCOLOR!H11 | L11: =BAZA_AUTOCOLOR!I11 | M11: =BAZA_AUTOCOLOR!R11 | N11: =BAZA_AUTOCOLOR!S11
A12: =BAZA_AUTOCOLOR!A12 | B12: =BAZA_AUTOCOLOR!B12 | C12: =BAZA_AUTOCOLOR!C12 | D12: =BAZA_AUTOCOLOR!G12 | E12: =BAZA_AUTOCOLOR!K12 | F12: =BAZA_AUTOCOLOR!F12 | G12: =BAZA_AUTOCOLOR!L12 | H12: =BAZA_AUTOCOLOR!M12 | I12: =BAZA_AUTOCOLOR!J12 | J12: =BAZA_AUTOCOLOR!O12 | K12: =BAZA_AUTOCOLOR!H12 | L12: =BAZA_AUTOCOLOR!I12 | M12: =BAZA_AUTOCOLOR!R12 | N12: =BAZA_AUTOCOLOR!S12
A13: =BAZA_AUTOCOLOR!A13 | B13: =BAZA_AUTOCOLOR!B13 | C13: =BAZA_AUTOCOLOR!C13 | D13: =BAZA_AUTOCOLOR!G13 | E13: =BAZA_AUTOCOLOR!K13 | F13: =BAZA_AUTOCOLOR!F13 | G13: =BAZA_AUTOCOLOR!L13 | H13: =BAZA_AUTOCOLOR!M13 | I13: =BAZA_AUTOCOLOR!J13 | J13: =BAZA_AUTOCOLOR!O13 | K13: =BAZA_AUTOCOLOR!H13 | L13: =BAZA_AUTOCOLOR!I13 | M13: =BAZA_AUTOCOLOR!R13 | N13: =BAZA_AUTOCOLOR!S13
A14: =BAZA_AUTOCOLOR!A14 | B14: =BAZA_AUTOCOLOR!B14 | C14: =BAZA_AUTOCOLOR!C14 | D14: =BAZA_AUTOCOLOR!G14 | E14: =BAZA_AUTOCOLOR!K14 | F14: =BAZA_AUTOCOLOR!F14 | G14: =BAZA_AUTOCOLOR!L14 | H14: =BAZA_AUTOCOLOR!M14 | I14: =BAZA_AUTOCOLOR!J14 | J14: =BAZA_AUTOCOLOR!O14 | K14: =BAZA_AUTOCOLOR!H14 | L14: =BAZA_AUTOCOLOR!I14 | M14: =BAZA_AUTOCOLOR!R14 | N14: =BAZA_AUTOCOLOR!S14
A15: =BAZA_AUTOCOLOR!A15 | B15: =BAZA_AUTOCOLOR!B15 | C15: =BAZA_AUTOCOLOR!C15 | D15: =BAZA_AUTOCOLOR!G15 | E15: =BAZA_AUTOCOLOR!K15 | F15: =BAZA_AUTOCOLOR!F15 | G15: =BAZA_AUTOCOLOR!L15 | H15: =BAZA_AUTOCOLOR!M15 | I15: =BAZA_AUTOCOLOR!J15 | J15: =BAZA_AUTOCOLOR!O15 | K15: =BAZA_AUTOCOLOR!H15 | L15: =BAZA_AUTOCOLOR!I15 | M15: =BAZA_AUTOCOLOR!R15 | N15: =BAZA_AUTOCOLOR!S15
A16: =BAZA_AUTOCOLOR!A16 | B16: =BAZA_AUTOCOLOR!B16 | C16: =BAZA_AUTOCOLOR!C16 | D16: =BAZA_AUTOCOLOR!G16 | E16: =BAZA_AUTOCOLOR!K16 | F16: =BAZA_AUTOCOLOR!F16 | G16: =BAZA_AUTOCOLOR!L16 | H16: =BAZA_AUTOCOLOR!M16 | I16: =BAZA_AUTOCOLOR!J16 | J16: =BAZA_AUTOCOLOR!O16 | K16: =BAZA_AUTOCOLOR!H16 | L16: =BAZA_AUTOCOLOR!I16 | M16: =BAZA_AUTOCOLOR!R16 | N16: =BAZA_AUTOCOLOR!S16
A17: =BAZA_AUTOCOLOR!A17 | B17: =BAZA_AUTOCOLOR!B17 | C17: =BAZA_AUTOCOLOR!C17 | D17: =BAZA_AUTOCOLOR!G17 | E17: =BAZA_AUTOCOLOR!K17 | F17: =BAZA_AUTOCOLOR!F17 | G17: =BAZA_AUTOCOLOR!L17 | H17: =BAZA_AUTOCOLOR!M17 | I17: =BAZA_AUTOCOLOR!J17 | J17: =BAZA_AUTOCOLOR!O17 | K17: =BAZA_AUTOCOLOR!H17 | L17: =BAZA_AUTOCOLOR!I17 | M17: =BAZA_AUTOCOLOR!R17 | N17: =BAZA_AUTOCOLOR!S17
A18: =BAZA_AUTOCOLOR!A18 | B18: =BAZA_AUTOCOLOR!B18 | C18: =BAZA_AUTOCOLOR!C18 | D18: =BAZA_AUTOCOLOR!G18 | E18: =BAZA_AUTOCOLOR!K18 | F18: =BAZA_AUTOCOLOR!F18 | G18: =BAZA_AUTOCOLOR!L18 | H18: =BAZA_AUTOCOLOR!M18 | I18: =BAZA_AUTOCOLOR!J18 | J18: =BAZA_AUTOCOLOR!O18 | K18: =BAZA_AUTOCOLOR!H18 | L18: =BAZA_AUTOCOLOR!I18 | M18: =BAZA_AUTOCOLOR!R18 | N18: =BAZA_AUTOCOLOR!S18
A19: =BAZA_AUTOCOLOR!A19 | B19: =BAZA_AUTOCOLOR!B19 | C19: =BAZA_AUTOCOLOR!C19 | D19: =BAZA_AUTOCOLOR!G19 | E19: =BAZA_AUTOCOLOR!K19 | F19: =BAZA_AUTOCOLOR!F19 | G19: =BAZA_AUTOCOLOR!L19 | H19: =BAZA_AUTOCOLOR!M19 | I19: =BAZA_AUTOCOLOR!J19 | J19: =BAZA_AUTOCOLOR!O19 | K19: =BAZA_AUTOCOLOR!H19 | L19: =BAZA_AUTOCOLOR!I19 | M19: =BAZA_AUTOCOLOR!R19 | N19: =BAZA_AUTOCOLOR!S19
A20: =BAZA_AUTOCOLOR!A20 | B20: =BAZA_AUTOCOLOR!B20 | C20: =BAZA_AUTOCOLOR!C20 | D20: =BAZA_AUTOCOLOR!G20 | E20: =BAZA_AUTOCOLOR!K20 | F20: =BAZA_AUTOCOLOR!F20 | G20: =BAZA_AUTOCOLOR!L20 | H20: =BAZA_AUTOCOLOR!M20 | I20: =BAZA_AUTOCOLOR!J20 | J20: =BAZA_AUTOCOLOR!O20 | K20: =BAZA_AUTOCOLOR!H20 | L20: =BAZA_AUTOCOLOR!I20 | M20: =BAZA_AUTOCOLOR!R20 | N20: =BAZA_AUTOCOLOR!S20
... A115: =BAZA_AUTOCOLOR!A115 | B115: =BAZA_AUTOCOLOR!B115 | C115: =BAZA_AUTOCOLOR!C115 | D115: =BAZA_AUTOCOLOR!G115 | E115: =BAZA_AUTOCOLOR!K115 | F115: =BAZA_AUTOCOLOR!F115 | G115: =BAZA_AUTOCOLOR!L115 | H115: =BAZA_AUTOCOLOR!M115 | I115: =BAZA_AUTOCOLOR!J115 | J115: =BAZA_AUTOCOLOR!O115 | K115: =BAZA_AUTOCOLOR!H115 | L115: =BAZA_AUTOCOLOR!I115 | M115: =BAZA_AUTOCOLOR!R115 | N115: =BAZA_AUTOCOLOR!S115
A116: =BAZA_DUXONE!A9 | B116: =BAZA_DUXONE!B9 | C116: =BAZA_DUXONE!C9 | D116: =BAZA_DUXONE!G9 | E116: =BAZA_DUXONE!K9 | F116: =BAZA_DUXONE!F9 | G116: =BAZA_DUXONE!L9 | H116: =BAZA_DUXONE!M9 | I116: =BAZA_DUXONE!J9 | J116: =BAZA_DUXONE!O9 | K116: =BAZA_DUXONE!H9 | L116: =BAZA_DUXONE!I9 | M116: =BAZA_DUXONE!R9 | N116: =BAZA_DUXONE!S9
A117: =BAZA_DUXONE!A10 | B117: =BAZA_DUXONE!B10 | C117: =BAZA_DUXONE!C10 | D117: =BAZA_DUXONE!G10 | E117: =BAZA_DUXONE!K10 | F117: =BAZA_DUXONE!F10 | G117: =BAZA_DUXONE!L10 | H117: =BAZA_DUXONE!M10 | I117: =BAZA_DUXONE!J10 | J117: =BAZA_DUXONE!O10 | K117: =BAZA_DUXONE!H10 | L117: =BAZA_DUXONE!I10 | M117: =BAZA_DUXONE!R10 | N117: =BAZA_DUXONE!S10
A118: =BAZA_DUXONE!A11 | B118: =BAZA_DUXONE!B11 | C118: =BAZA_DUXONE!C11 | D118: =BAZA_DUXONE!G11 | E118: =BAZA_DUXONE!K11 | F118: =BAZA_DUXONE!F11 | G118: =BAZA_DUXONE!L11 | H118: =BAZA_DUXONE!M11 | I118: =BAZA_DUXONE!J11 | J118: =BAZA_DUXONE!O11 | K118: =BAZA_DUXONE!H11 | L118: =BAZA_DUXONE!I11 | M118: =BAZA_DUXONE!R11 | N118: =BAZA_DUXONE!S11
A119: =BAZA_DUXONE!A12 | B119: =BAZA_DUXONE!B12 | C119: =BAZA_DUXONE!C12 | D119: =BAZA_DUXONE!G12 | E119: =BAZA_DUXONE!K12 | F119: =BAZA_DUXONE!F12 | G119: =BAZA_DUXONE!L12 | H119: =BAZA_DUXONE!M12 | I119: =BAZA_DUXONE!J12 | J119: =BAZA_DUXONE!O12 | K119: =BAZA_DUXONE!H12 | L119: =BAZA_DUXONE!I12 | M119: =BAZA_DUXONE!R12 | N119: =BAZA_DUXONE!S12
A120: =BAZA_DUXONE!A13 | B120: =BAZA_DUXONE!B13 | C120: =BAZA_DUXONE!C13 | D120: =BAZA_DUXONE!G13 | E120: =BAZA_DUXONE!K13 | F120: =BAZA_DUXONE!F13 | G120: =BAZA_DUXONE!L13 | H120: =BAZA_DUXONE!M13 | I120: =BAZA_DUXONE!J13 | J120: =BAZA_DUXONE!O13 | K120: =BAZA_DUXONE!H13 | L120: =BAZA_DUXONE!I13 | M120: =BAZA_DUXONE!R13 | N120: =BAZA_DUXONE!S13
A121: =BAZA_DUXONE!A14 | B121: =BAZA_DUXONE!B14 | C121: =BAZA_DUXONE!C14 | D121: =BAZA_DUXONE!G14 | E121: =BAZA_DUXONE!K14 | F121: =BAZA_DUXONE!F14 | G121: =BAZA_DUXONE!L14 | H121: =BAZA_DUXONE!M14 | I121: =BAZA_DUXONE!J14 | J121: =BAZA_DUXONE!O14 | K121: =BAZA_DUXONE!H14 | L121: =BAZA_DUXONE!I14 | M121: =BAZA_DUXONE!R14 | N121: =BAZA_DUXONE!S14
A122: =BAZA_DUXONE!A15 | B122: =BAZA_DUXONE!B15 | C122: =BAZA_DUXONE!C15 | D122: =BAZA_DUXONE!G15 | E122: =BAZA_DUXONE!K15 | F122: =BAZA_DUXONE!F15 | G122: =BAZA_DUXONE!L15 | H122: =BAZA_DUXONE!M15 | I122: =BAZA_DUXONE!J15 | J122: =BAZA_DUXONE!O15 | K122: =BAZA_DUXONE!H15 | L122: =BAZA_DUXONE!I15 | M122: =BAZA_DUXONE!R15 | N122: =BAZA_DUXONE!S15
A123: =BAZA_DUXONE!A16 | B123: =BAZA_DUXONE!B16 | C123: =BAZA_DUXONE!C16 | D123: =BAZA_DUXONE!G16 | E123: =BAZA_DUXONE!K16 | F123: =BAZA_DUXONE!F16 | G123: =BAZA_DUXONE!L16 | H123: =BAZA_DUXONE!M16 | I123: =BAZA_DUXONE!J16 | J123: =BAZA_DUXONE!O16 | K123: =BAZA_DUXONE!H16 | L123: =BAZA_DUXONE!I16 | M123: =BAZA_DUXONE!R16 | N123: =BAZA_DUXONE!S16
A124: =BAZA_DUXONE!A17 | B124: =BAZA_DUXONE!B17 | C124: =BAZA_DUXONE!C17 | D124: =BAZA_DUXONE!G17 | E124: =BAZA_DUXONE!K17 | F124: =BAZA_DUXONE!F17 | G124: =BAZA_DUXONE!L17 | H124: =BAZA_DUXONE!M17 | I124: =BAZA_DUXONE!J17 | J124: =BAZA_DUXONE!O17 | K124: =BAZA_DUXONE!H17 | L124: =BAZA_DUXONE!I17 | M124: =BAZA_DUXONE!R17 | N124: =BAZA_DUXONE!S17
A125: =BAZA_DUXONE!A18 | B125: =BAZA_DUXONE!B18 | C125: =BAZA_DUXONE!C18 | D125: =BAZA_DUXONE!G18 | E125: =BAZA_DUXONE!K18 | F125: =BAZA_DUXONE!F18 | G125: =BAZA_DUXONE!L18 | H125: =BAZA_DUXONE!M18 | I125: =BAZA_DUXONE!J18 | J125: =BAZA_DUXONE!O18 | K125: =BAZA_DUXONE!H18 | L125: =BAZA_DUXONE!I18 | M125: =BAZA_DUXONE!R18 | N125: =BAZA_DUXONE!S18
A126: =BAZA_DUXONE!A19 | B126: =BAZA_DUXONE!B19 | C126: =BAZA_DUXONE!C19 | D126: =BAZA_DUXONE!G19 | E126: =BAZA_DUXONE!K19 | F126: =BAZA_DUXONE!F19 | G126: =BAZA_DUXONE!L19 | H126: =BAZA_DUXONE!M19 | I126: =BAZA_DUXONE!J19 | J126: =BAZA_DUXONE!O19 | K126: =BAZA_DUXONE!H19 | L126: =BAZA_DUXONE!I19 | M126: =BAZA_DUXONE!R19 | N126: =BAZA_DUXONE!S19
A127: =BAZA_DUXONE!A20 | B127: =BAZA_DUXONE!B20 | C127: =BAZA_DUXONE!C20 | D127: =BAZA_DUXONE!G20 | E127: =BAZA_DUXONE!K20 | F127: =BAZA_DUXONE!F20 | G127: =BAZA_DUXONE!L20 | H127: =BAZA_DUXONE!M20 | I127: =BAZA_DUXONE!J20 | J127: =BAZA_DUXONE!O20 | K127: =BAZA_DUXONE!H20 | L127: =BAZA_DUXONE!I20 | M127: =BAZA_DUXONE!R20 | N127: =BAZA_DUXONE!S20
... A194: =BAZA_DUXONE!A87 | B194: =BAZA_DUXONE!B87 | C194: =BAZA_DUXONE!C87 | D194: =BAZA_DUXONE!G87 | E194: =BAZA_DUXONE!K87 | F194: =BAZA_DUXONE!F87 | G194: =BAZA_DUXONE!L87 | H194: =BAZA_DUXONE!M87 | I194: =BAZA_DUXONE!J87 | J194: =BAZA_DUXONE!O87 | K194: =BAZA_DUXONE!H87 | L194: =BAZA_DUXONE!I87 | M194: =BAZA_DUXONE!R87 | N194: =BAZA_DUXONE!S87

Sheet USTAWIENIA
A1: USTAWIENIA SYSTEMU
A2: Parametry globalne. Komórki złote — do edycji.
A8: Autor domyślny | B8: Sylwek | C8: Wpisz nazwisko lakiernika — trafia do nowych receptur.
A9: Jednostka masy | B9: g
A10: Tolerancja sumy % | B10: 0.15 | C10: Jeżeli |suma % − 100| > tolerancji, START i ANALIZA pokażą ostrzeżenie.
A11: Ochrona arkuszy | B11: WYŁĄCZONA | C11: Arkusze bez hasła — pełna edycja i zapis. Złote = wpis, szare = formuła.
A12: Następny numer RC | B12: 2
A13: Prefiks numeru | B13: RC-
A14: Masa preset 1 (g) | B14: 100
A15: Masa preset 2 (g) | B15: 500
A16: Masa preset 3 (g) | B16: 1000
A17: Wersja systemu | B17: 1.0
A19: ZASADA KLUCZA PIGMENTU
A20: Pigmenty z różnych systemów o tym samym numerze są różne. Klucz = SYSTEM & "|" & NR_PIGMENTU, np. AUTOCOLOR|123 oraz DUXONE|123. Mieszanie systemów w jednej recepturze jest dozwolone i wymagane.

Sheet HISTORIA_POZYCJE
A1: HISTORIA — POZYCJE WERSJI
A2: Szczegóły składu zapisanych wersji. Klucz powiązania = ID + WERSJA.
A8: ID | B8: WERSJA | C8: LP | D8: SYSTEM | E8: NR PIGMENTU | F8: NAZWA | G8: ILOŚĆ ORYG. | H8: ILOŚĆ WŁASNA | I8: STATUS

Sheet DANE_WYKRESOW
A1: DANE WYKRESÓW
A2: Źródło dynamiczne — puste wiersze = #N/D, aby wykresy pomijały luki.
A8: ETYKIETA | B8: ILOŚĆ ORYGINALNA | C8: ILOŚĆ WŁASNA | D8: ZMIANA % | E8: % SKŁAD WŁASNY | F8: STATUS | G8: ABS ZMIANA % | H8: STATUS | I8: LICZBA
A9: =IF(RECEPTURA_WLASNA!C12="","",RECEPTURA_WLASNA!C12&" ("&RECEPTURA_WLASNA!B12&")") | B9: =IF(RECEPTURA_WLASNA!C12="",NA(),N(RECEPTURA_WLASNA!E12)) | C9: =IF(RECEPTURA_WLASNA!C12="",NA(),N(RECEPTURA_WLASNA!F12)) | D9: =IF(OR(RECEPTURA_WLASNA!C12="",RECEPTURA_WLASNA!H12=""),NA(),IF(ISNUMBER(RECEPTURA_WLASNA!H12),RECEPTURA_WLASNA!H12,NA())) | E9: =IF(RECEPTURA_WLASNA!C12="",NA(),IF(N(RECEPTURA_WLASNA!F12)=0,NA(),RECEPTURA_WLASNA!J12)) | F9: =IF(RECEPTURA_WLASNA!C12="","",RECEPTURA_WLASNA!K12) | G9: =IF(RECEPTURA_WLASNA!C12="",NA(),IF(ISNUMBER(RECEPTURA_WLASNA!H12),ABS(N(RECEPTURA_WLASNA!H12)),NA())) | H9: BEZ ZMIAN | I9: =COUNTIF(RECEPTURA_WLASNA!K12:K51,H9)
A10: =IF(RECEPTURA_WLASNA!C13="","",RECEPTURA_WLASNA!C13&" ("&RECEPTURA_WLASNA!B13&")") | B10: =IF(RECEPTURA_WLASNA!C13="",NA(),N(RECEPTURA_WLASNA!E13)) | C10: =IF(RECEPTURA_WLASNA!C13="",NA(),N(RECEPTURA_WLASNA!F13)) | D10: =IF(OR(RECEPTURA_WLASNA!C13="",RECEPTURA_WLASNA!H13=""),NA(),IF(ISNUMBER(RECEPTURA_WLASNA!H13),RECEPTURA_WLASNA!H13,NA())) | E10: =IF(RECEPTURA_WLASNA!C13="",NA(),IF(N(RECEPTURA_WLASNA!F13)=0,NA(),RECEPTURA_WLASNA!J13)) | F10: =IF(RECEPTURA_WLASNA!C13="","",RECEPTURA_WLASNA!K13) | G10: =IF(RECEPTURA_WLASNA!C13="",NA(),IF(ISNUMBER(RECEPTURA_WLASNA!H13),ABS(N(RECEPTURA_WLASNA!H13)),NA())) | H10: ZWIĘKSZONO | I10: =COUNTIF(RECEPTURA_WLASNA!K12:K51,H10)
A11: =IF(RECEPTURA_WLASNA!C14="","",RECEPTURA_WLASNA!C14&" ("&RECEPTURA_WLASNA!B14&")") | B11: =IF(RECEPTURA_WLASNA!C14="",NA(),N(RECEPTURA_WLASNA!E14)) | C11: =IF(RECEPTURA_WLASNA!C14="",NA(),N(RECEPTURA_WLASNA!F14)) | D11: =IF(OR(RECEPTURA_WLASNA!C14="",RECEPTURA_WLASNA!H14=""),NA(),IF(ISNUMBER(RECEPTURA_WLASNA!H14),RECEPTURA_WLASNA!H14,NA())) | E11: =IF(RECEPTURA_WLASNA!C14="",NA(),IF(N(RECEPTURA_WLASNA!F14)=0,NA(),RECEPTURA_WLASNA!J14)) | F11: =IF(RECEPTURA_WLASNA!C14="","",RECEPTURA_WLASNA!K14) | G11: =IF(RECEPTURA_WLASNA!C14="",NA(),IF(ISNUMBER(RECEPTURA_WLASNA!H14),ABS(N(RECEPTURA_WLASNA!H14)),NA())) | H11: ZMNIEJSZONO | I11: =COUNTIF(RECEPTURA_WLASNA!K12:K51,H11)
A12: =IF(RECEPTURA_WLASNA!C15="","",RECEPTURA_WLASNA!C15&" ("&RECEPTURA_WLASNA!B15&")") | B12: =IF(RECEPTURA_WLASNA!C15="",NA(),N(RECEPTURA_WLASNA!E15)) | C12: =IF(RECEPTURA_WLASNA!C15="",NA(),N(RECEPTURA_WLASNA!F15)) | D12: =IF(OR(RECEPTURA_WLASNA!C15="",RECEPTURA_WLASNA!H15=""),NA(),IF(ISNUMBER(RECEPTURA_WLASNA!H15),RECEPTURA_WLASNA!H15,NA())) | E12: =IF(RECEPTURA_WLASNA!C15="",NA(),IF(N(RECEPTURA_WLASNA!F15)=0,NA(),RECEPTURA_WLASNA!J15)) | F12: =IF(RECEPTURA_WLASNA!C15="","",RECEPTURA_WLASNA!K15) | G12: =IF(RECEPTURA_WLASNA!C15="",NA(),IF(ISNUMBER(RECEPTURA_WLASNA!H15),ABS(N(RECEPTURA_WLASNA!H15)),NA())) | H12: DODANO | I12: =COUNTIF(RECEPTURA_WLASNA!K12:K51,H12)
A13: =IF(RECEPTURA_WLASNA!C16="","",RECEPTURA_WLASNA!C16&" ("&RECEPTURA_WLASNA!B16&")") | B13: =IF(RECEPTURA_WLASNA!C16="",NA(),N(RECEPTURA_WLASNA!E16)) | C13: =IF(RECEPTURA_WLASNA!C16="",NA(),N(RECEPTURA_WLASNA!F16)) | D13: =IF(OR(RECEPTURA_WLASNA!C16="",RECEPTURA_WLASNA!H16=""),NA(),IF(ISNUMBER(RECEPTURA_WLASNA!H16),RECEPTURA_WLASNA!H16,NA())) | E13: =IF(RECEPTURA_WLASNA!C16="",NA(),IF(N(RECEPTURA_WLASNA!F16)=0,NA(),RECEPTURA_WLASNA!J16)) | F13: =IF(RECEPTURA_WLASNA!C16="","",RECEPTURA_WLASNA!K16) | G13: =IF(RECEPTURA_WLASNA!C16="",NA(),IF(ISNUMBER(RECEPTURA_WLASNA!H16),ABS(N(RECEPTURA_WLASNA!H16)),NA())) | H13: USUNIĘTO | I13: =COUNTIF(RECEPTURA_WLASNA!K12:K51,H13)
A14: =IF(RECEPTURA_WLASNA!C17="","",RECEPTURA_WLASNA!C17&" ("&RECEPTURA_WLASNA!B17&")") | B14: =IF(RECEPTURA_WLASNA!C17="",NA(),N(RECEPTURA_WLASNA!E17)) | C14: =IF(RECEPTURA_WLASNA!C17="",NA(),N(RECEPTURA_WLASNA!F17)) | D14: =IF(OR(RECEPTURA_WLASNA!C17="",RECEPTURA_WLASNA!H17=""),NA(),IF(ISNUMBER(RECEPTURA_WLASNA!H17),RECEPTURA_WLASNA!H17,NA())) | E14: =IF(RECEPTURA_WLASNA!C17="",NA(),IF(N(RECEPTURA_WLASNA!F17)=0,NA(),RECEPTURA_WLASNA!J17)) | F14: =IF(RECEPTURA_WLASNA!C17="","",RECEPTURA_WLASNA!K17) | G14: =IF(RECEPTURA_WLASNA!C17="",NA(),IF(ISNUMBER(RECEPTURA_WLASNA!H17),ABS(N(RECEPTURA_WLASNA!H17)),NA()))
A15: =IF(RECEPTURA_WLASNA!C18="","",RECEPTURA_WLASNA!C18&" ("&RECEPTURA_WLASNA!B18&")") | B15: =IF(RECEPTURA_WLASNA!C18="",NA(),N(RECEPTURA_WLASNA!E18)) | C15: =IF(RECEPTURA_WLASNA!C18="",NA(),N(RECEPTURA_WLASNA!F18)) | D15: =IF(OR(RECEPTURA_WLASNA!C18="",RECEPTURA_WLASNA!H18=""),NA(),IF(ISNUMBER(RECEPTURA_WLASNA!H18),RECEPTURA_WLASNA!H18,NA())) | E15: =IF(RECEPTURA_WLASNA!C18="",NA(),IF(N(RECEPTURA_WLASNA!F18)=0,NA(),RECEPTURA_WLASNA!J18)) | F15: =IF(RECEPTURA_WLASNA!C18="","",RECEPTURA_WLASNA!K18) | G15: =IF(RECEPTURA_WLASNA!C18="",NA(),IF(ISNUMBER(RECEPTURA_WLASNA!H18),ABS(N(RECEPTURA_WLASNA!H18)),NA()))
A16: =IF(RECEPTURA_WLASNA!C19="","",RECEPTURA_WLASNA!C19&" ("&RECEPTURA_WLASNA!B19&")") | B16: =IF(RECEPTURA_WLASNA!C19="",NA(),N(RECEPTURA_WLASNA!E19)) | C16: =IF(RECEPTURA_WLASNA!C19="",NA(),N(RECEPTURA_WLASNA!F19)) | D16: =IF(OR(RECEPTURA_WLASNA!C19="",RECEPTURA_WLASNA!H19=""),NA(),IF(ISNUMBER(RECEPTURA_WLASNA!H19),RECEPTURA_WLASNA!H19,NA())) | E16: =IF(RECEPTURA_WLASNA!C19="",NA(),IF(N(RECEPTURA_WLASNA!F19)=0,NA(),RECEPTURA_WLASNA!J19)) | F16: =IF(RECEPTURA_WLASNA!C19="","",RECEPTURA_WLASNA!K19) | G16: =IF(RECEPTURA_WLASNA!C19="",NA(),IF(ISNUMBER(RECEPTURA_WLASNA!H19),ABS(N(RECEPTURA_WLASNA!H19)),NA()))
A17: =IF(RECEPTURA_WLASNA!C20="","",RECEPTURA_WLASNA!C20&" ("&RECEPTURA_WLASNA!B20&")") | B17: =IF(RECEPTURA_WLASNA!C20="",NA(),N(RECEPTURA_WLASNA!E20)) | C17: =IF(RECEPTURA_WLASNA!C20="",NA(),N(RECEPTURA_WLASNA!F20)) | D17: =IF(OR(RECEPTURA_WLASNA!C20="",RECEPTURA_WLASNA!H20=""),NA(),IF(ISNUMBER(RECEPTURA_WLASNA!H20),RECEPTURA_WLASNA!H20,NA())) | E17: =IF(RECEPTURA_WLASNA!C20="",NA(),IF(N(RECEPTURA_WLASNA!F20)=0,NA(),RECEPTURA_WLASNA!J20)) | F17: =IF(RECEPTURA_WLASNA!C20="","",RECEPTURA_WLASNA!K20) | G17: =IF(RECEPTURA_WLASNA!C20="",NA(),IF(ISNUMBER(RECEPTURA_WLASNA!H20),ABS(N(RECEPTURA_WLASNA!H20)),NA()))
A18: =IF(RECEPTURA_WLASNA!C21="","",RECEPTURA_WLASNA!C21&" ("&RECEPTURA_WLASNA!B21&")") | B18: =IF(RECEPTURA_WLASNA!C21="",NA(),N(RECEPTURA_WLASNA!E21)) | C18: =IF(RECEPTURA_WLASNA!C21="",NA(),N(RECEPTURA_WLASNA!F21)) | D18: =IF(OR(RECEPTURA_WLASNA!C21="",RECEPTURA_WLASNA!H21=""),NA(),IF(ISNUMBER(RECEPTURA_WLASNA!H21),RECEPTURA_WLASNA!H21,NA())) | E18: =IF(RECEPTURA_WLASNA!C21="",NA(),IF(N(RECEPTURA_WLASNA!F21)=0,NA(),RECEPTURA_WLASNA!J21)) | F18: =IF(RECEPTURA_WLASNA!C21="","",RECEPTURA_WLASNA!K21) | G18: =IF(RECEPTURA_WLASNA!C21="",NA(),IF(ISNUMBER(RECEPTURA_WLASNA!H21),ABS(N(RECEPTURA_WLASNA!H21)),NA()))
A19: =IF(RECEPTURA_WLASNA!C22="","",RECEPTURA_WLASNA!C22&" ("&RECEPTURA_WLASNA!B22&")") | B19: =IF(RECEPTURA_WLASNA!C22="",NA(),N(RECEPTURA_WLASNA!E22)) | C19: =IF(RECEPTURA_WLASNA!C22="",NA(),N(RECEPTURA_WLASNA!F22)) | D19: =IF(OR(RECEPTURA_WLASNA!C22="",RECEPTURA_WLASNA!H22=""),NA(),IF(ISNUMBER(RECEPTURA_WLASNA!H22),RECEPTURA_WLASNA!H22,NA())) | E19: =IF(RECEPTURA_WLASNA!C22="",NA(),IF(N(RECEPTURA_WLASNA!F22)=0,NA(),RECEPTURA_WLASNA!J22)) | F19: =IF(RECEPTURA_WLASNA!C22="","",RECEPTURA_WLASNA!K22) | G19: =IF(RECEPTURA_WLASNA!C22="",NA(),IF(ISNUMBER(RECEPTURA_WLASNA!H22),ABS(N(RECEPTURA_WLASNA!H22)),NA()))
A20: =IF(RECEPTURA_WLASNA!C23="","",RECEPTURA_WLASNA!C23&" ("&RECEPTURA_WLASNA!B23&")") | B20: =IF(RECEPTURA_WLASNA!C23="",NA(),N(RECEPTURA_WLASNA!E23)) | C20: =IF(RECEPTURA_WLASNA!C23="",NA(),N(RECEPTURA_WLASNA!F23)) | D20: =IF(OR(RECEPTURA_WLASNA!C23="",RECEPTURA_WLASNA!H23=""),NA(),IF(ISNUMBER(RECEPTURA_WLASNA!H23),RECEPTURA_WLASNA!H23,NA())) | E20: =IF(RECEPTURA_WLASNA!C23="",NA(),IF(N(RECEPTURA_WLASNA!F23)=0,NA(),RECEPTURA_WLASNA!J23)) | F20: =IF(RECEPTURA_WLASNA!C23="","",RECEPTURA_WLASNA!K23) | G20: =IF(RECEPTURA_WLASNA!C23="",NA(),IF(ISNUMBER(RECEPTURA_WLASNA!H23),ABS(N(RECEPTURA_WLASNA!H23)),NA()))
A21: =IF(RECEPTURA_WLASNA!C24="","",RECEPTURA_WLASNA!C24&" ("&RECEPTURA_WLASNA!B24&")") | B21: =IF(RECEPTURA_WLASNA!C24="",NA(),N(RECEPTURA_WLASNA!E24)) | C21: =IF(RECEPTURA_WLASNA!C24="",NA(),N(RECEPTURA_WLASNA!F24)) | D21: =IF(OR(RECEPTURA_WLASNA!C24="",RECEPTURA_WLASNA!H24=""),NA(),IF(ISNUMBER(RECEPTURA_WLASNA!H24),RECEPTURA_WLASNA!H24,NA())) | E21: =IF(RECEPTURA_WLASNA!C24="",NA(),IF(N(RECEPTURA_WLASNA!F24)=0,NA(),RECEPTURA_WLASNA!J24)) | F21: =IF(RECEPTURA_WLASNA!C24="","",RECEPTURA_WLASNA!K24) | G21: =IF(RECEPTURA_WLASNA!C24="",NA(),IF(ISNUMBER(RECEPTURA_WLASNA!H24),ABS(N(RECEPTURA_WLASNA!H24)),NA()))
A22: =IF(RECEPTURA_WLASNA!C25="","",RECEPTURA_WLASNA!C25&" ("&RECEPTURA_WLASNA!B25&")") | B22: =IF(RECEPTURA_WLASNA!C25="",NA(),N(RECEPTURA_WLASNA!E25)) | C22: =IF(RECEPTURA_WLASNA!C25="",NA(),N(RECEPTURA_WLASNA!F25)) | D22: =IF(OR(RECEPTURA_WLASNA!C25="",RECEPTURA_WLASNA!H25=""),NA(),IF(ISNUMBER(RECEPTURA_WLASNA!H25),RECEPTURA_WLASNA!H25,NA())) | E22: =IF(RECEPTURA_WLASNA!C25="",NA(),IF(N(RECEPTURA_WLASNA!F25)=0,NA(),RECEPTURA_WLASNA!J25)) | F22: =IF(RECEPTURA_WLASNA!C25="","",RECEPTURA_WLASNA!K25) | G22: =IF(RECEPTURA_WLASNA!C25="",NA(),IF(ISNUMBER(RECEPTURA_WLASNA!H25),ABS(N(RECEPTURA_WLASNA!H25)),NA()))
A23: =IF(RECEPTURA_WLASNA!C26="","",RECEPTURA_WLASNA!C26&" ("&RECEPTURA_WLASNA!B26&")") | B23: =IF(RECEPTURA_WLASNA!C26="",NA(),N(RECEPTURA_WLASNA!E26)) | C23: =IF(RECEPTURA_WLASNA!C26="",NA(),N(RECEPTURA_WLASNA!F26)) | D23: =IF(OR(RECEPTURA_WLASNA!C26="",RECEPTURA_WLASNA!H26=""),NA(),IF(ISNUMBER(RECEPTURA_WLASNA!H26),RECEPTURA_WLASNA!H26,NA())) | E23: =IF(RECEPTURA_WLASNA!C26="",NA(),IF(N(RECEPTURA_WLASNA!F26)=0,NA(),RECEPTURA_WLASNA!J26)) | F23: =IF(RECEPTURA_WLASNA!C26="","",RECEPTURA_WLASNA!K26) | G23: =IF(RECEPTURA_WLASNA!C26="",NA(),IF(ISNUMBER(RECEPTURA_WLASNA!H26),ABS(N(RECEPTURA_WLASNA!H26)),NA()))
A24: =IF(RECEPTURA_WLASNA!C27="","",RECEPTURA_WLASNA!C27&" ("&RECEPTURA_WLASNA!B27&")") | B24: =IF(RECEPTURA_WLASNA!C27="",NA(),N(RECEPTURA_WLASNA!E27)) | C24: =IF(RECEPTURA_WLASNA!C27="",NA(),N(RECEPTURA_WLASNA!F27)) | D24: =IF(OR(RECEPTURA_WLASNA!C27="",RECEPTURA_WLASNA!H27=""),NA(),IF(ISNUMBER(RECEPTURA_WLASNA!H27),RECEPTURA_WLASNA!H27,NA())) | E24: =IF(RECEPTURA_WLASNA!C27="",NA(),IF(N(RECEPTURA_WLASNA!F27)=0,NA(),RECEPTURA_WLASNA!J27)) | F24: =IF(RECEPTURA_WLASNA!C27="","",RECEPTURA_WLASNA!K27) | G24: =IF(RECEPTURA_WLASNA!C27="",NA(),IF(ISNUMBER(RECEPTURA_WLASNA!H27),ABS(N(RECEPTURA_WLASNA!H27)),NA()))
A25: =IF(RECEPTURA_WLASNA!C28="","",RECEPTURA_WLASNA!C28&" ("&RECEPTURA_WLASNA!B28&")") | B25: =IF(RECEPTURA_WLASNA!C28="",NA(),N(RECEPTURA_WLASNA!E28)) | C25: =IF(RECEPTURA_WLASNA!C28="",NA(),N(RECEPTURA_WLASNA!F28)) | D25: =IF(OR(RECEPTURA_WLASNA!C28="",RECEPTURA_WLASNA!H28=""),NA(),IF(ISNUMBER(RECEPTURA_WLASNA!H28),RECEPTURA_WLASNA!H28,NA())) | E25: =IF(RECEPTURA_WLASNA!C28="",NA(),IF(N(RECEPTURA_WLASNA!F28)=0,NA(),RECEPTURA_WLASNA!J28)) | F25: =IF(RECEPTURA_WLASNA!C28="","",RECEPTURA_WLASNA!K28) | G25: =IF(RECEPTURA_WLASNA!C28="",NA(),IF(ISNUMBER(RECEPTURA_WLASNA!H28),ABS(N(RECEPTURA_WLASNA!H28)),NA()))
... A48: =IF(RECEPTURA_WLASNA!C51="","",RECEPTURA_WLASNA!C51&" ("&RECEPTURA_WLASNA!B51&")") | B48: =IF(RECEPTURA_WLASNA!C51="",NA(),N(RECEPTURA_WLASNA!E51)) | C48: =IF(RECEPTURA_WLASNA!C51="",NA(),N(RECEPTURA_WLASNA!F51)) | D48: =IF(OR(RECEPTURA_WLASNA!C51="",RECEPTURA_WLASNA!H51=""),NA(),IF(ISNUMBER(RECEPTURA_WLASNA!H51),RECEPTURA_WLASNA!H51,NA())) | E48: =IF(RECEPTURA_WLASNA!C51="",NA(),IF(N(RECEPTURA_WLASNA!F51)=0,NA(),RECEPTURA_WLASNA!J51)) | F48: =IF(RECEPTURA_WLASNA!C51="","",RECEPTURA_WLASNA!K51) | G48: =IF(RECEPTURA_WLASNA!C51="",NA(),IF(ISNUMBER(RECEPTURA_WLASNA!H51),ABS(N(RECEPTURA_WLASNA!H51)),NA()))

Sheet LISTY
A1: LISTY POMOCNICZE
A2: Źródło list rozwijanych NR PIGMENTU. Etykieta = kod | nazwa. Makro i Validity biorą zakres z J9/K9.
A8: SYSTEMY | C8: PRESETY_MASY_G | E8: AUTOCOLOR_NR | F8: AUTOCOLOR_LISTA | G8: DUXONE_NR | H8: DUXONE_LISTA | I8: LICZBA | J8: ADRES_LISTA_AC | K8: ADRES_LISTA_DX
A9: AUTOCOLOR | C9: 100 | E9: P192-475 | F9: P192-475 | REGULATOR BAZY | G9: DX5110 | H9: DX5110 | DEEP BLACK | I9: wiersze listy → | J9: LISTY!$F$9:$F$115 | K9: LISTY!$H$9:$H$87
A10: DUXONE | C10: 500 | E10: P192-528 | F10: P192-528 | REGULATOR UŁOŻENIA ZIARNA | G10: DX5111 | H10: DX5111 | BLACK | I10: liczba kodów → | J10: 107 | K10: 79
C11: 1000 | E11: P192-5600 | F11: P192-5600 | REGULATOR FLOPU | G11: DX5121 | H11: DX5121 | EFFECT BROWN
E12: P420-902RT | F12: P420-902RT | RT Pale White | G12: DX5122 | H12: DX5122 | EFFECT BROWN RED
E13: P420-903RT | F13: P420-903RT | RT Medium Pale Yellow | G13: DX5123 | H13: DX5123 | TRANSPARENT MAROON
E14: P420-904RT | F14: P420-904RT | RT Transparent Black | G14: DX5126 | H14: DX5126 | EFFECT OCRE
E15: P420-905 | F15: P420-905 | Yellow Oxide | G15: DX5130 | H15: DX5130 | WHITE HS
E16: P420-907 | F16: P420-907 | Red Oxide | G16: DX5134 | H16: DX5134 | EFFECT WHITE
E17: P420-908RT | F17: P420-908RT | RT Russet | G17: DX5136 | H17: DX5136 | Metallic Adjuster
E18: P420-910RT | F18: P420-910RT | RT Deep Blue | G18: DX5161 | H18: DX5161 | ORANGE
E19: P420-920 | F19: P420-920 | Violet | G19: DX5143 | H19: DX5143 | RED
E20: P420-926 | F20: P420-926 | Super Red | G20: DX5144 | H20: DX5144 | DARK RED
E21: P420-930 | F21: P420-930 | Lake Blue | G21: DX5145 | H21: DX5145 | PINK RED
E22: P420-933 | F22: P420-933 | Blue Black | G22: DX5142 | H22: DX5142 | FLAMING RED
E23: P420-938 | F23: P420-938 | Tone Controller | G23: DX5146 | H23: DX5146 | MAGENTA RED
... E87: P433-XR16 | F87: P433-XR16 | Fireside Copper | G87: AXT110 | H87: AXT110
E88: P433-XR17 | F88: P433-XR17 | Cosmic Turquoise
E89: P433-XR18 | F89: P433-XR18 | Amethyst Dream
E90: P434-CS32 | F90: P434-CS32 | Viola Fantasy
E91: P434-CS33 | F91: P434-CS33 | Arctic Fire
E92: P434-CS34 | F92: P434-CS34 | Tropic Sunrise
E93: P434-CS35 | F93: P434-CS35 | Lapis Sunlight
E94: P435-GF37 | F94: P435-GF37 | Silver Glass
E95: P440-FX20 | F95: P440-FX20 | CHROMAFLAIR CYAN TO PURPLE
E96: P440-FX21 | F96: P440-FX21 | CHROMAFLAIR SILVER TO GREEN
E97: P440-FX22 | F97: P440-FX22 | CHROMAFLAIR GREEN TO PURPLE
E98: P440-FX23 | F98: P440-FX23 | CHROMAFLAIR BLUE TO RED
E99: P440-FX24 | F99: P440-FX24 | CHROMAFLAIR MAGENTA TO GOLD
... E115: VM4995 | F115: VM4995 | Red to Gold
